customer_id,first_name,last_name,email,phone,city,state,country,signup_date,loyalty_points
C0001,Vicki,James,holson@hopkins.com,+1-254-237-0701x8535,Martinshire,Minnesota,Guadeloupe,2024-08-20,97
C0002,April,Austin,mcoleman@peterson-duffy.net,(403)155-3674x922,Russochester,South Dakota,Belize,2023-09-29,862
C0003,Kristine,Miller,vbarry@douglas-smith.com,+1-925-439-4858x817,Lake Amy,Arizona,Sweden,2020-11-07,97
C0004,Eric,Price,robinsonamy@hotmail.com,3994361269,South Phillipview,Wyoming,Seychelles,2022-11-24,755
C0005,Michael,Bender,ohiggins@english-white.com,+1-895-804-8720x271,Port John,Florida,Timor-Leste,2025-01-01,316
C0006,Wesley,Campbell,stephaniemendez@hotmail.com,001-296-767-4037x54801,Port Matthew,Virginia,Vietnam,2024-07-21,478
C0007,Cynthia,Porter,valerie38@yahoo.com,6815017196,New Tracyburgh,Florida,Heard Island and McDonald Islands,2023-12-31,589
C0008,Kendra,Gilbert,kgomez@knapp.net,833-465-5751x1398,Port Jennifer,Michigan,Egypt,2023-10-16,376
C0009,Matthew,Taylor,raymondmaria@hotmail.com,+1-373-158-2626x950,Shaunton,Illinois,Albania,2020-08-22,808
C0010,Edward,Thomas,nmiller@gmail.com,3425848302,Johnsonport,Mississippi,Lao People's Democratic Republic,2023-01-11,218
C0011,Hannah,Yoder,wayne92@gmail.com,048.220.3356,Lake Taylor,Missouri,Ecuador,2021-11-06,496
C0012,Shelby,Conrad,angela67@fleming-williams.com,001-911-170-2973x949,Gonzalesberg,Vermont,Brunei Darussalam,2024-05-06,965
C0013,Cindy,Boone,yodermindy@cole-perez.com,(054)899-8228,Lake Brianafort,Wyoming,Japan,2021-09-11,383
C0014,Nathan,Martinez,denisesmith@gmail.com,165-098-6104,West Kellyfurt,Louisiana,Niue,2022-09-06,432
C0015,Jordan,Williams,kkeller@mills.com,758-707-7980x6668,Stewartshire,Texas,Tokelau,2023-06-28,154
C0016,Jennifer,Miller,bneal@gmail.com,103-845-3458x91878,New Samuelbury,Minnesota,Serbia,2021-02-09,911
C0017,John,Smith,james61@gmail.com,092-315-8444,North Jamestown,Florida,Cameroon,2025-06-07,820
C0018,Marilyn,Rodriguez,joybaker@yahoo.com,001-386-789-7965x00063,Dennisview,North Dakota,British Virgin Islands,2021-06-03,679
C0019,Stephanie,Jordan,obuchanan@yahoo.com,952.305.8731x37000,Cummingschester,Colorado,Timor-Leste,2020-11-07,387
C0020,James,Reed,tmorales@yahoo.com,+1-963-805-5721,New Kathryn,Wisconsin,Montenegro,2025-01-19,479
C0021,Kyle,Kirk,bethany60@yahoo.com,(943)407-2422,Butlerberg,New Jersey,China,2021-06-18,412
C0022,Anne,Gibson,barberamanda@gmail.com,+1-003-658-7908x257,Taylorberg,Connecticut,Saint Barthelemy,2023-05-06,704
C0023,Lauren,Lewis,lgutierrez@gmail.com,+1-606-424-6907x962,Perezborough,Massachusetts,Zimbabwe,2020-10-01,793
C0024,Ian,Benson,jamesvaughn@hotmail.com,763-294-5827x1175,Lake Sophiaport,Vermont,Poland,2023-07-06,504
C0025,Sean,Pugh,rzimmerman@smith.net,4425825611,Clarkchester,Colorado,Egypt,2023-03-02,511
C0026,Loretta,Flores,bettykirk@hotmail.com,311.195.7814,Brooksburgh,Michigan,Solomon Islands,2022-06-09,842
C0027,William,Martin,scottjustin@everett.com,304.689.6009x28206,North Joseph,Maryland,Bulgaria,2022-11-21,232
C0028,Amanda,Simmons,carrollantonio@stephens.com,378.800.9353,Walkermouth,California,Belgium,2024-01-12,890
C0029,Jessica,Simmons,marshmary@cobb.net,7569412245,East Jacobside,Maryland,Bahamas,2022-08-07,525
C0030,Diana,Vaughn,jaimemendoza@hill-hall.org,+1-309-478-6585x49786,Matthewstad,Montana,Benin,2023-07-31,64
C0031,Jonathon,Miller,tinarhodes@hotmail.com,+1-067-810-1476,Brittneybury,North Carolina,Malta,2022-08-06,876
C0032,Jennifer,Gray,nmckenzie@romero-jones.com,(602)547-0556,Port Williamshire,Delaware,Bolivia,2023-04-18,367
C0033,Charles,Hernandez,tyler35@yahoo.com,780-917-5908x8121,West Jessica,New Mexico,French Southern Territories,2022-02-13,802
C0034,Cathy,Nichols,wendyclark@diaz-richards.com,574.695.3570x61665,Lake Leslie,North Dakota,New Zealand,2023-09-06,13
C0035,David,Stewart,gbrooks@yahoo.com,+1-053-236-5506x0949,North Sandrafort,Minnesota,French Polynesia,2021-06-23,592
C0036,Jeffery,Jackson,jim67@miller.com,+1-696-907-4207x7885,Blackburnhaven,Washington,Netherlands Antilles,2022-05-23,499
C0037,Kelsey,Sanders,hyang@gmail.com,(807)974-6593x662,Port Sean,Texas,Tanzania,2023-08-09,494
C0038,Katelyn,Herrera,sdominguez@hotmail.com,001-830-857-9009x84043,Lake Jeremyhaven,Rhode Island,New Zealand,2025-03-24,362
C0039,Thomas,Boone,robinsonkathryn@gmail.com,404.565.5178x62100,New Peter,South Carolina,Palestinian Territory,2021-03-21,537
C0040,Johnathan,Moon,joseph74@yahoo.com,8310211837,Josephville,Kentucky,Burkina Faso,2021-08-27,936
C0041,Darrell,Haynes,eatonkevin@hotmail.com,(621)465-1366,Amandashire,Virginia,Central African Republic,2021-08-18,813
C0042,Maria,May,ykim@hernandez.com,+1-501-309-0222x818,Andreaside,Oklahoma,Niue,2025-01-09,283
C0043,Jeffrey,Clark,emclaughlin@hotmail.com,638.121.7736x945,North Johnhaven,North Carolina,Liberia,2021-05-16,130
C0044,Jamie,Perez,qharper@yahoo.com,804.081.2785x83279,East Curtisland,South Carolina,Lesotho,2020-08-15,899
C0045,Jason,Thompson,randolphbrenda@gmail.com,603-663-5951x676,Jeremyfurt,Ohio,San Marino,2022-07-14,963
C0046,Joshua,Schroeder,lewisrhonda@zimmerman.com,133.047.7169x7209,Jamesborough,Mississippi,Nauru,2025-03-06,729
C0047,Nicole,Holmes,littlechristopher@benton-nolan.com,(566)531-1616x450,East Danielport,New Hampshire,Norway,2022-05-21,711
C0048,Emily,Smith,ylawrence@hotmail.com,2267707338,East Kevin,Colorado,Guam,2023-04-28,421
C0049,Alexandra,Robinson,garciatricia@gmail.com,(679)762-1183,New Jennifer,Oregon,Chile,2020-10-02,699
C0050,Abigail,Schroeder,sarahall@sparks-massey.com,534-395-8811x12466,South Timothy,New York,Israel,2021-05-28,48
C0051,Madison,Fitzgerald,felicia16@avila.com,775.834.7113,South Maria,Virginia,Montserrat,2021-04-05,125
C0052,Edward,Martin,ralph19@hotmail.com,001-474-084-8919,Lake Vanessa,Wyoming,Guinea,2025-03-18,627
C0053,Joshua,Stone,sallen@sanchez.com,893.280.5882x5257,Perezstad,Nebraska,Gabon,2023-04-29,851
C0054,Matthew,Petersen,mezajason@hartman.com,001-369-464-6176x756,Jenniferberg,Montana,Heard Island and McDonald Islands,2022-01-25,597
C0055,Gregory,Thomas,msalinas@hotmail.com,471-622-6749,West Brian,New Jersey,Maldives,2024-04-26,47
C0056,Scott,Moore,lholmes@marsh.com,595.867.8875,North William,Nevada,Peru,2022-09-05,93
C0057,Jason,Stafford,silvamark@strong.info,652-464-5547x99727,Rickeybury,New Jersey,Nepal,2024-01-21,426
C0058,Steven,Brown,alanturner@hotmail.com,495.273.0486x1769,Wendyfort,Nebraska,Micronesia,2025-08-03,751
C0059,Angela,Alvarez,connerdawn@gmail.com,677.334.5284,Foxmouth,New Mexico,United States Minor Outlying Islands,2023-03-09,806
C0060,Kristina,Li,eblack@luna.com,657.046.8667,West Anthonymouth,Virginia,Swaziland,2023-03-09,755
C0061,Justin,Harrell,cellis@tran-king.com,001-266-061-9308x7516,North Kristin,Ohio,Portugal,2024-07-07,623
C0062,Kathy,Kim,kennedymaureen@hotmail.com,155-296-3008x991,North Lori,Arkansas,Hong Kong,2024-06-04,186
C0063,Kelly,Wilson,catherine81@ruiz-webb.com,748.444.8830x874,North Julie,Washington,Solomon Islands,2021-02-11,503
C0064,Christopher,Riley,gcarlson@reyes.com,102.893.0138,Loganshire,New York,Iraq,2021-09-23,550
C0065,Kim,Griffin,wrighteddie@jones.info,966-611-2884x37780,East Stephen,Alabama,Turkmenistan,2024-01-03,485
C0066,Joy,Smith,andersoncurtis@yahoo.com,929.722.8430,East Victor,Alabama,Holy See (Vatican City State),2025-03-26,370
C0067,Melissa,Walsh,ccameron@moore-austin.com,461.978.3105x36068,Dennisfort,Wyoming,Uganda,2021-07-02,643
C0068,Melissa,Smith,rivasmichael@gmail.com,+1-468-865-4011x258,West Daniel,Arizona,Guadeloupe,2024-08-14,357
C0069,Robert,Pacheco,jkrueger@sawyer.net,001-578-015-8809x0342,Port Curtis,Pennsylvania,Belgium,2025-07-06,842
C0070,Mary,Parker,amandahayes@gmail.com,439.494.2976x62177,Donovanchester,New Hampshire,Isle of Man,2021-10-12,516
C0071,Cynthia,Thompson,melissa69@jackson.com,001-364-498-0175x1945,West Joseph,Oregon,Algeria,2023-12-24,836
C0072,Nathan,Garcia,anthony20@henson.com,950-929-8096,Ericamouth,South Carolina,Turks and Caicos Islands,2021-02-28,913
C0073,Albert,Vasquez,rioslori@larson-garcia.com,(327)500-9510x22301,Lake Thomasbury,Illinois,Belarus,2024-09-09,232
C0074,David,Phillips,kellyjoseph@parker.com,769.595.7788,Jessicaport,Texas,Niger,2022-03-14,751
C0075,Amanda,Martin,olivergabriel@gmail.com,(051)187-2074x38604,South Michaelton,Indiana,Vanuatu,2023-10-19,168
C0076,Amy,Moore,melissa11@gmail.com,793-880-4598x37532,Munozmouth,Colorado,Cape Verde,2024-04-11,929
C0077,Jessica,Garza,hlee@gmail.com,653.300.6905x425,East Mary,Illinois,Samoa,2020-10-07,531
C0078,Melissa,Fields,qaustin@downs-gomez.org,(048)474-0017,Kellyburgh,Washington,Lao People's Democratic Republic,2020-09-25,403
C0079,Katherine,Clark,rebecca91@oliver.com,+1-177-931-2386x9573,North Stephenbury,Tennessee,Lesotho,2020-10-02,16
C0080,Stacey,Perez,scottrandall@hotmail.com,(327)029-5568,Carolberg,Mississippi,India,2024-02-25,414
C0081,Travis,Leon,denisewalker@gmail.com,050.608.1896,Lake Joseph,Georgia,Bahrain,2022-03-07,982
C0082,Sandra,White,timwilliams@kidd.com,(316)647-6284x53801,North Susanville,New Jersey,Marshall Islands,2022-11-27,66
C0083,Laura,Graham,maureenyoung@shea.info,839.564.2830x4299,Mariaport,Arkansas,Trinidad and Tobago,2021-05-25,670
C0084,Lynn,Olsen,ggarcia@yahoo.com,6552051044,West Pamelashire,Pennsylvania,Malta,2022-12-23,663
C0085,Holly,Taylor,rbryan@hawkins.com,(509)593-1336x15029,Williamston,Nevada,Chad,2023-11-26,856
C0086,Gabriel,Rice,carlwerner@yahoo.com,001-055-175-9700x65826,Duncanton,Tennessee,Belarus,2022-02-02,188
C0087,Victoria,Wood,mary98@gmail.com,362-521-4110x85627,Lake Jamiechester,Oklahoma,El Salvador,2023-05-03,61
C0088,Julia,Allen,troyturner@hotmail.com,(350)980-2701x632,Port Krystal,Tennessee,Syrian Arab Republic,2020-12-19,485
C0089,Stephanie,Bell,jennyrussell@morris-allison.com,091-777-3830x40562,New Yolanda,Virginia,Pakistan,2021-10-17,70
C0090,Jessica,Meyers,pauljackson@allen.com,001-522-170-8245x4193,South Caleb,Maryland,British Indian Ocean Territory (Chagos Archipelago),2025-04-08,672
C0091,Elizabeth,Griffin,george45@rose-sparks.com,362-601-6568,Caseton,Georgia,Australia,2021-12-24,833
C0092,Rodney,Hawkins,mark46@peterson.org,447.847.1314,Hansonhaven,Oregon,Zimbabwe,2025-02-05,750
C0093,Robert,Bolton,sharon59@simmons-rodriguez.org,(465)032-9150x46296,East James,Maine,Argentina,2022-06-07,170
C0094,William,Miller,sarah65@hotmail.com,001-859-961-1100x2732,Greenechester,New Jersey,British Virgin Islands,2021-11-04,861
C0095,Allen,Alexander,mpetersen@schwartz-white.com,+1-096-181-5527,North Thomasburgh,Nevada,French Guiana,2023-10-31,830
C0096,Sandra,Woods,gstephens@hotmail.com,(357)673-6928x514,Swansonfurt,Minnesota,Korea,2021-08-04,550
C0097,Kenneth,Turner,bwilson@banks-hicks.org,7178284911,Brendashire,New Jersey,Kyrgyz Republic,2024-07-04,83
C0098,Trevor,Downs,psanders@gmail.com,001-075-741-6477x307,Pageshire,Utah,Tonga,2021-02-13,943
C0099,Sarah,Castro,elijahhansen@hotmail.com,832-194-7786x524,Lake Toni,Connecticut,Montenegro,2021-08-23,671
C0100,Maria,Vazquez,renee83@guzman-wilkinson.com,390.741.8337x6362,North Lisahaven,Tennessee,Faroe Islands,2025-07-30,377
C0101,Rebecca,Foley,perezsandra@hardy.com,001-583-827-5813x939,Andreaberg,Rhode Island,Denmark,2025-03-12,452
C0102,Kristine,Robinson,ihernandez@gmail.com,830.800.4316x0371,Cortezfort,Colorado,French Guiana,2020-12-20,911
C0103,Daniel,Hughes,ronaldsnyder@hotmail.com,(779)660-3265,North Douglaschester,South Dakota,Serbia,2021-08-25,13
C0104,William,Daniels,bradfordkylie@hotmail.com,366.151.4042x007,Medinachester,Pennsylvania,Somalia,2025-02-05,702
C0105,Dana,Norris,paynewilliam@hotmail.com,982-430-9248,West Jennifertown,Missouri,Jersey,2022-07-19,341
C0106,Joshua,Harvey,brianallen@yahoo.com,605.883.5039x565,New Tammyberg,Oregon,Holy See (Vatican City State),2023-01-14,273
C0107,Charlotte,Sanders,jnunez@yahoo.com,(624)239-1122,West Lisa,Georgia,Lithuania,2024-02-16,541
C0108,Gerald,Barron,gutierrezkathleen@wilson.com,001-519-307-2011x3560,Rowlandhaven,New Hampshire,Lithuania,2022-02-15,328
C0109,Katie,Cline,kennethlevy@murphy.com,051-440-3293x698,Heatherport,Mississippi,Lao People's Democratic Republic,2023-05-30,335
C0110,Michael,Harris,twright@hill-duke.info,470.804.3050,North Rachelbury,Connecticut,Rwanda,2024-07-13,725
C0111,Susan,Cordova,richardwhite@gmail.com,227-152-1909,Lake Robin,South Dakota,Georgia,2023-07-02,330
C0112,Kimberly,Walker,garciamary@hotmail.com,127-933-7929x9642,West Joshua,West Virginia,Portugal,2023-10-24,402
C0113,Ryan,Rush,veronicanelson@hotmail.com,117-726-8199,New Barbara,Delaware,Bhutan,2023-11-21,55
C0114,Heather,Romero,lynnward@yahoo.com,269.335.7269x9879,East Michaelburgh,Hawaii,Belize,2022-04-28,456
C0115,Megan,Hampton,brent99@rice.info,293-061-6573,Jonesmouth,Nebraska,Papua New Guinea,2024-10-08,302
C0116,Brad,Fisher,hernandezkristin@phillips.com,+1-566-884-2653,Copelandmouth,Pennsylvania,Rwanda,2022-11-10,825
C0117,David,Yu,xwalker@mitchell.com,001-822-174-9685x38836,New Christy,Iowa,Sao Tome and Principe,2024-05-01,361
C0118,Stephanie,Richards,davistiffany@gmail.com,420.438.7071x16680,Kruegerstad,Indiana,South Georgia and the South Sandwich Islands,2022-06-05,724
C0119,Erin,Evans,james40@yahoo.com,001-442-600-8007x8618,Dylanville,Colorado,Peru,2024-06-07,91
C0120,Nicholas,Kim,emily66@parker.org,664.405.6940x9450,Mitchellshire,Hawaii,New Caledonia,2021-07-07,140
C0121,Melissa,Daniels,cindy08@williams-garcia.com,079-214-5964x4215,Lake Kaylamouth,Rhode Island,Botswana,2025-01-27,452
C0122,Douglas,Parker,mckinneyhenry@campbell-williams.com,001-208-326-8437x08290,Port Michelleside,Montana,Solomon Islands,2021-09-09,643
C0123,Christian,Cooper,ucummings@yahoo.com,168-871-1093x983,East Matthew,Missouri,Bolivia,2022-07-24,205
C0124,Robin,Patel,amy22@gmail.com,+1-288-885-7108x17433,Wellston,New Hampshire,Mongolia,2023-10-30,47
C0125,Abigail,Walker,larrydean@brooks-scott.com,001-666-321-9495x20465,Port Christy,Iowa,Slovenia,2023-06-23,524
C0126,Kevin,Underwood,mark68@gray.com,(408)009-6521x397,South Austinmouth,Kansas,Spain,2023-04-20,516
C0127,Sherry,Williams,marcus15@gmail.com,(832)617-5949,Saraburgh,Arizona,Christmas Island,2020-08-30,204
C0128,Gina,Cisneros,powellkelly@yahoo.com,949-814-6880x221,South Christina,South Dakota,Guatemala,2021-05-20,722
C0129,Kathy,Smith,thomasronald@burke.com,4279874143,Brooksborough,Missouri,Malaysia,2025-07-18,151
C0130,Shane,Davis,kevinschneider@hotmail.com,001-067-270-9324x60673,Port Anna,Tennessee,Reunion,2024-03-10,900
C0131,Kelly,Steele,smithstephen@daniels.com,373-121-6694x0000,Johnborough,Maryland,Kyrgyz Republic,2024-07-18,773
C0132,Dennis,Jenkins,chadatkinson@gmail.com,001-376-910-6513x1999,Hannahland,Arkansas,Namibia,2022-12-07,404
C0133,Michael,Beltran,james76@krueger.org,+1-967-702-4653x487,Chrisburgh,Arizona,United States of America,2023-12-06,65
C0134,Joseph,Bradshaw,danielaguirre@gmail.com,4438598730,South Nathaniel,New Mexico,Montenegro,2024-03-09,3
C0135,Colleen,Haynes,hendricksrobert@leon.com,001-265-277-8198x017,Clarkeborough,Indiana,Sri Lanka,2022-07-18,455
C0136,Lindsay,Williams,samuel78@brown-hill.org,674.345.0194x900,Port Jamesview,Kansas,American Samoa,2021-07-25,512
C0137,Molly,Carter,ucoleman@hotmail.com,198-918-8040,Port Ashleeport,Colorado,Botswana,2025-01-22,615
C0138,Dana,Gonzalez,john56@hotmail.com,(683)947-1796x323,Joshuamouth,Iowa,Djibouti,2022-06-11,283
C0139,Jimmy,Anderson,charles50@hotmail.com,001-237-063-0135x1114,North Barbaramouth,California,Saint Kitts and Nevis,2022-07-19,874
C0140,Jessica,Reed,andersonwilliam@gutierrez-allen.com,980.785.0309x00840,Matthewburgh,Tennessee,Belgium,2022-10-21,766
C0141,Ronald,Castillo,msandoval@yahoo.com,(072)096-4469,Edwardsport,South Carolina,Sao Tome and Principe,2024-05-06,87
C0142,Michelle,Clark,davidsonanna@decker-parker.info,001-273-923-7878x1758,West Joshuatown,Wisconsin,Algeria,2025-03-10,265
C0143,Joshua,Collier,mitchellgregory@gmail.com,693.609.0689x70844,West Jessica,Arizona,Aruba,2021-08-10,287
C0144,Allen,Wilson,andrewguzman@gmail.com,+1-090-006-5590x7650,East Andrewport,Hawaii,Saint Vincent and the Grenadines,2025-05-06,148
C0145,Tanya,Wilcox,pcraig@rice.biz,001-540-926-1074x04411,Moniquetown,Rhode Island,Martinique,2022-05-02,839
C0146,Kristina,Hull,jennifer66@yahoo.com,(634)534-3145,Leslieville,Florida,Aruba,2025-04-27,71
C0147,Melanie,King,ljohnson@gmail.com,001-177-056-5194x078,Lake Chadton,Georgia,Angola,2022-03-10,771
C0148,Benjamin,Jones,edward05@reid.info,189.141.6844x4806,Wilsonchester,Arkansas,Palestinian Territory,2024-09-01,239
C0149,Jordan,Munoz,copelandpatrick@yahoo.com,121.805.3954x7096,East Paulview,South Carolina,Botswana,2024-06-05,81
C0150,Donna,Wiley,mark44@yahoo.com,(361)183-8892,West Eugenetown,Georgia,Senegal,2023-01-02,309
C0151,Stacy,Fernandez,gonzalesrandy@hotmail.com,271-644-0999,South Steven,Wyoming,Gibraltar,2021-01-21,517
C0152,Robert,Fox,robertryan@yahoo.com,747.009.2609,East Hannahshire,Missouri,Azerbaijan,2025-03-31,800
C0153,Paula,Estrada,heather12@evans.biz,574.562.8750x3957,West Allisonport,Ohio,Anguilla,2023-09-13,866
C0154,Paul,Bryant,ashleytaylor@richardson.com,001-707-706-9457,Port Debrafurt,Wisconsin,Sweden,2020-10-09,391
C0155,Kristin,Vincent,grossphilip@hotmail.com,+1-902-112-6720,Beckerbury,Colorado,United States of America,2022-11-15,324
C0156,Rachael,Patterson,benjaminralph@yahoo.com,204.071.5960,South Alyssa,Arkansas,Finland,2024-03-25,175
C0157,Lisa,Cross,christophermitchell@juarez.com,+1-088-022-7013x82455,Loriview,Florida,Niue,2021-03-30,66
C0158,John,Young,corey05@yahoo.com,001-147-981-6939x7040,Smithfort,Hawaii,Martinique,2025-07-16,729
C0159,Julia,Black,thompsonjennifer@hotmail.com,(091)494-4605x8644,South Adrianaburgh,New York,Hungary,2023-12-14,942
C0160,Holly,Hall,robert19@benton-ramsey.com,791.655.7805x0227,Whiteside,Iowa,Isle of Man,2023-05-08,55
C0161,Brianna,Mann,kristin23@hotmail.com,226-250-2671x594,Lake Katelyntown,Maryland,Bahrain,2022-12-29,569
C0162,Austin,Wyatt,jenniferwood@yahoo.com,+1-458-434-9561x6240,Jamesmouth,Minnesota,Romania,2022-05-02,23
C0163,Franklin,Warren,jpatrick@hotmail.com,253.486.2565,Beverlymouth,Idaho,Congo,2023-05-14,78
C0164,Barry,Green,loriroman@yahoo.com,001-741-969-0634,Wrightberg,Nebraska,Malta,2020-12-31,598
C0165,Anna,Leonard,james49@gmail.com,9049736163,Port Benjaminmouth,New Jersey,Saint Helena,2023-03-23,363
C0166,Lauren,Stewart,martin07@walsh.com,933-826-3743x532,Davischester,Florida,Lithuania,2022-08-09,853
C0167,Rodney,Wyatt,kochandrew@yahoo.com,8386977066,Zacharyberg,Alaska,Azerbaijan,2021-02-18,909
C0168,Joshua,Carson,lisa10@erickson.com,(490)705-5475x879,Andrewton,Illinois,Moldova,2021-03-02,3
C0169,Kevin,Brooks,maryfuentes@hotmail.com,+1-728-325-6907x56949,Anthonyview,Florida,Central African Republic,2021-09-28,489
C0170,Judy,Joseph,sheila49@barnett.com,658-023-3422x3409,Patriciafort,Wisconsin,Anguilla,2023-07-05,227
C0171,Jason,Brooks,dawsonmelissa@gutierrez.com,001-844-797-7968x0394,Sharonfurt,New Mexico,Hungary,2021-12-01,359
C0172,Christopher,Wang,clarkkyle@hotmail.com,001-483-012-6323x37892,South Christinatown,South Dakota,Turkey,2021-05-01,610
C0173,Linda,Moore,wilsonlisa@brandt-martinez.biz,319-270-4468,South Zachary,New York,Botswana,2023-09-22,245
C0174,David,Santana,lauranielsen@edwards.com,(993)134-7015,Kathleenport,Wisconsin,French Guiana,2023-12-23,635
C0175,Marcus,Rice,stephen59@hunter.com,+1-772-711-7435x780,Wilsonton,Tennessee,Slovenia,2025-02-20,227
C0176,Sherry,Golden,ethan12@harvey-reed.com,7317379289,Amymouth,Alaska,Cape Verde,2025-04-14,483
C0177,Michael,Clark,john06@gmail.com,(158)343-3978x051,North Javierview,Idaho,Cambodia,2021-07-14,120
C0178,Emily,Blake,huntjeffrey@freeman.com,(300)834-9274,Kennedychester,Mississippi,Italy,2023-05-21,318
C0179,Pamela,Rivera,fcortez@sanders.com,001-708-055-8451,South John,Hawaii,Swaziland,2020-12-18,932
C0180,Mark,Crosby,henrylindsey@clark.com,+1-826-926-8868,Christopherton,Nebraska,Faroe Islands,2021-08-29,520
C0181,Amanda,Flores,roberthardin@grimes.com,316-882-1628x6391,East Crystal,New Jersey,Panama,2024-04-09,761
C0182,Renee,Medina,martinfry@davis.com,937.044.9560,Lake Michael,South Carolina,American Samoa,2021-12-30,173
C0183,John,Hancock,vjohnson@bowers-simpson.biz,(587)208-6477x185,Bowersport,Ohio,Norfolk Island,2023-01-09,495
C0184,Marco,Hardin,elizabeth22@mcdaniel.info,9232394213,Jacobsmouth,Michigan,Sudan,2022-05-27,705
C0185,Jeffrey,James,kelsey94@dean-watson.com,(351)555-5582x1862,East Geraldton,Indiana,Brunei Darussalam,2023-09-14,837
C0186,Peggy,Shannon,jacquelinegoodwin@schmidt.biz,878.899.4092x91154,Johnsonhaven,Iowa,Colombia,2025-07-24,766
C0187,Alec,Huynh,stacyevans@shepherd-wolfe.com,+1-518-832-2596x2363,East Lawrencebury,Georgia,Netherlands Antilles,2022-08-12,236
C0188,Austin,Jimenez,mary19@west.info,(160)192-0287x26496,North Shawn,Connecticut,Bangladesh,2021-06-26,463
C0189,Bobby,Castaneda,gsalazar@yahoo.com,311.653.1740,Lake Seanburgh,Mississippi,Cyprus,2023-10-03,321
C0190,Vicki,Blake,wkelley@yahoo.com,(898)994-7423x06641,Allenstad,Ohio,Peru,2025-06-25,227
C0191,Johnny,Lopez,brian30@holt-gonzales.biz,(467)727-7099x4665,Troyfurt,Washington,Korea,2022-06-08,27
C0192,Daniel,Strickland,clarkmathew@castaneda-franco.com,(762)837-1081x730,Elizabethton,Vermont,Montserrat,2023-11-04,732
C0193,Donald,Heath,ghoward@munoz.com,001-387-069-8777x496,Port Taraburgh,Kansas,Afghanistan,2023-06-04,110
C0194,Scott,Porter,jacquelinepaul@jarvis-obrien.info,001-757-748-7862x486,Ritaborough,Montana,Gabon,2025-03-14,508
C0195,Justin,Mack,natasha37@hotmail.com,395.562.0912x64569,South Thomas,Nevada,Ghana,2021-03-25,646
C0196,Randy,Brewer,pearsonmichelle@yahoo.com,(933)251-7595x942,South Curtis,Maine,Saint Vincent and the Grenadines,2022-06-26,742
C0197,Paul,Myers,oconnorjennifer@parsons.com,(705)520-8765x3696,Nathanielton,Oregon,Lithuania,2023-01-05,235
C0198,Hannah,Allen,christophermiller@skinner.com,741-646-1922,Ericton,Maryland,Denmark,2025-07-19,381
C0199,James,Hart,colemanjessica@hotmail.com,0865802191,West Brandon,Oklahoma,Korea,2021-08-23,570
C0200,Ann,Wright,cpatel@gmail.com,007-960-4980,Gregorymouth,Florida,Vanuatu,2025-07-15,757
C0201,Steven,Valdez,taylormichael@hotmail.com,305-791-3460x1933,Jeremybury,Virginia,Northern Mariana Islands,2024-11-29,587
C0202,Curtis,Garcia,croberts@gmail.com,(191)621-9907x182,Angelaburgh,Illinois,Mongolia,2024-09-05,666
C0203,Anna,Nelson,uwhite@hotmail.com,001-071-864-6021x4096,West Cindyfurt,New Mexico,Qatar,2023-12-24,743
C0204,Christine,Hart,steven22@schmidt.net,(751)028-9688x463,Wongstad,Mississippi,Zimbabwe,2023-01-10,116
C0205,Christine,Romero,angelahunt@gmail.com,001-192-797-0571x1505,Susanfort,Tennessee,United Arab Emirates,2020-09-01,521
C0206,Sandra,Gregory,yvonneboyer@yahoo.com,105-291-7724,Josephburgh,Maine,Central African Republic,2023-03-04,436
C0207,Alex,Phillips,christensenyvonne@yahoo.com,(057)264-1226,New Amanda,Missouri,Hungary,2021-12-09,286
C0208,Trevor,White,valeriemiranda@hotmail.com,251.626.5800,Jessicamouth,Illinois,Zambia,2022-01-08,205
C0209,Sarah,Miller,tiffanyyoung@gmail.com,0141101175,West Toddshire,Texas,Bosnia and Herzegovina,2021-04-06,130
C0210,Sandra,Ayala,charles72@yahoo.com,001-406-426-3057,Clementstown,Oregon,Kyrgyz Republic,2021-12-17,725
C0211,Roy,Hunter,rachel93@yahoo.com,+1-584-796-8496x18338,North Derrick,Oregon,Mauritius,2024-10-05,716
C0212,Sheryl,Williams,yacosta@vance-hawkins.com,629.658.4831x24071,New Steventown,Alabama,French Polynesia,2024-05-20,676
C0213,Kenneth,Rodriguez,jonathan31@richardson.biz,801-874-2989x444,Jamesstad,Idaho,Zambia,2021-07-22,978
C0214,Albert,Kelley,fhughes@kennedy-andrade.com,+1-389-250-4080,Lake Carlos,California,Panama,2021-07-15,848
C0215,Bill,Moss,susanmoreno@clark-foster.com,+1-109-577-3469x5897,Monroemouth,Texas,Antigua and Barbuda,2021-03-19,230
C0216,Nicole,Wallace,neil31@hotmail.com,001-420-694-1767x8597,Williamshaven,New Mexico,Albania,2022-02-26,849
C0217,Daniel,Johnson,yberry@yahoo.com,(603)200-8848,Greenport,Iowa,French Southern Territories,2025-07-13,680
C0218,Julie,Castillo,janelin@stafford.com,166-883-4765,Justinland,Colorado,Nepal,2023-10-09,143
C0219,Danny,Hartman,timothy13@hanna.com,(934)897-2476x96970,South Lawrence,North Dakota,Burkina Faso,2021-03-03,139
C0220,Douglas,Johns,jonescharles@graham.com,237.452.7140,Smithburgh,California,Tokelau,2024-05-12,74
C0221,Sara,Adams,joanna20@schmidt-benjamin.info,551.957.0617,North Triciaburgh,Georgia,Armenia,2022-06-30,791
C0222,Devin,Hanson,mrangel@blevins.com,740.015.1334x794,Lake Ianview,Ohio,Bouvet Island (Bouvetoya),2021-10-26,228
C0223,Andrew,Jensen,jennifercherry@hotmail.com,(850)932-5739x253,East Elizabeth,Washington,United States Minor Outlying Islands,2022-08-03,700
C0224,Jasmine,Williams,steve20@gmail.com,136-273-4726x9577,Harrisland,Iowa,Dominican Republic,2025-07-15,133
C0225,Cynthia,Sanchez,olarson@yahoo.com,001-036-010-3907x9774,Jameschester,Connecticut,Tajikistan,2022-01-11,684
C0226,Travis,Proctor,bmoore@wilson.com,(420)061-6018,Port Lauraton,Pennsylvania,Belize,2025-01-30,145
C0227,Heather,Sanchez,brandondaugherty@harris-shaffer.com,+1-523-461-0563x81141,Port Jacqueline,Alaska,British Indian Ocean Territory (Chagos Archipelago),2020-11-27,401
C0228,Caitlin,Perkins,walkererin@hotmail.com,001-167-307-2267,Haroldside,California,Jordan,2022-09-18,565
C0229,Kimberly,Carpenter,elizabeth40@castaneda.net,416-262-6174,Kelseyfurt,Wyoming,Jersey,2024-07-20,936
C0230,Cassandra,Barrett,lanekristen@gmail.com,982-019-9857x11473,Reillyville,Iowa,French Polynesia,2022-10-12,23
C0231,Dale,White,jason08@hotmail.com,(314)851-1317x310,Lake Travis,Utah,Tonga,2021-01-17,147
C0232,Jessica,Gonzalez,samuel28@sanchez.net,511-341-4898,North Michael,Kentucky,Macao,2021-08-11,735
C0233,Nicholas,Bennett,hawkinschristopher@hardy.com,005-339-6112x26235,Josephburgh,Alabama,Saint Kitts and Nevis,2022-05-30,694
C0234,Amanda,Anderson,michaelbush@chambers-walker.com,(602)549-9250,South Christinaview,Maryland,Cape Verde,2020-09-01,625
C0235,William,Hernandez,wallacecindy@ray.org,824.551.2156x888,Marybury,Oregon,Saint Barthelemy,2024-12-23,300
C0236,Eric,Conley,braunrhonda@garcia.org,971.016.3694x59820,North Rachel,South Carolina,Iran,2023-08-14,860
C0237,Erin,Berry,fmccall@burgess.com,001-259-252-4980x0087,Port Lauraland,Virginia,American Samoa,2020-09-25,281
C0238,Jennifer,Smith,smithnicole@king.net,001-166-213-1146x70164,Jasminefort,Montana,Slovakia (Slovak Republic),2025-04-26,711
C0239,Brian,Joyce,kayla76@ryan-adams.com,+1-237-572-8455,Barbaraborough,Kentucky,Brunei Darussalam,2024-08-10,504
C0240,Kayla,Kennedy,keybrian@stewart.info,347.453.2628x8141,Richardstad,Delaware,South Africa,2024-03-30,36
C0241,Terri,Parker,wrightjennifer@yahoo.com,276.511.2955x56873,East Jessetown,Virginia,French Southern Territories,2021-12-07,949
C0242,Brandon,Jimenez,jturner@gmail.com,+1-488-736-7942,Rebeccachester,Delaware,El Salvador,2024-08-07,538
C0243,Rachel,Weber,beth00@choi-jones.net,(018)344-6907x81320,New Jamesview,Louisiana,Romania,2025-07-23,680
C0244,Robert,Campbell,lisa23@gmail.com,(187)384-2861x20559,New Beth,Kansas,British Indian Ocean Territory (Chagos Archipelago),2024-09-07,309
C0245,Mary,Martin,nwood@hotmail.com,+1-098-584-4366x38760,Levinemouth,Delaware,Nigeria,2022-07-02,546
C0246,Christian,Wall,ashleycruz@yahoo.com,(291)270-7100,Castrofurt,Michigan,Indonesia,2021-03-23,286
C0247,David,Heath,mgilbert@gmail.com,+1-786-060-4195x5398,East Donna,Ohio,Zimbabwe,2022-05-27,860
C0248,Amy,White,maria45@mcdaniel.com,(005)193-3123,Millertown,Arizona,Cyprus,2025-01-17,834
C0249,Antonio,Hayes,chapmanlogan@odonnell.com,169.163.0608x00081,Scottmouth,South Carolina,British Indian Ocean Territory (Chagos Archipelago),2022-04-16,747
C0250,Benjamin,Davis,anna69@johnson.com,+1-680-520-1748x9331,Jonesbury,South Dakota,Netherlands,2021-08-11,241
C0251,Cody,Sandoval,grantmathew@yahoo.com,436-140-8915,Gibsonville,New Hampshire,Martinique,2022-08-31,315
C0252,Elizabeth,Bryant,kara61@lee.com,001-908-228-4118x686,Hansenbury,Indiana,Slovenia,2021-01-12,830
C0253,Brittany,Davis,drobertson@garcia.com,(300)943-0136x13102,Gabriellaton,Alaska,Azerbaijan,2022-11-01,20
C0254,Heidi,Fox,kelly54@hotmail.com,024-261-5663,Hughesfurt,Colorado,Montserrat,2025-07-24,839
C0255,Charles,Hoffman,jack84@hotmail.com,467-785-4053,Leslieville,Nebraska,Liechtenstein,2020-11-08,295
C0256,Samuel,Meyer,daniel86@riley.com,868-875-1409x428,Millerport,Minnesota,Iceland,2023-08-20,961
C0257,Kristina,Grant,egomez@yahoo.com,+1-057-932-0212x60528,Scottberg,Rhode Island,Honduras,2022-05-04,768
C0258,Melvin,Hale,johnsonbethany@yahoo.com,(238)570-0795x90646,East Donaldland,Kansas,Peru,2023-09-06,541
C0259,Angela,Christensen,susan31@hotmail.com,(251)991-5657,North Crystalton,Montana,Uruguay,2025-02-19,621
C0260,Robert,Coleman,sara68@gmail.com,+1-678-312-7772x43702,West Lindsey,Delaware,Kyrgyz Republic,2022-10-05,687
C0261,Nicholas,Richard,elizabeth23@boyd.com,001-346-845-9178x3193,North Charlotte,North Carolina,Montenegro,2024-10-04,999
C0262,Kenneth,Bishop,matthewbell@goodwin.info,001-142-148-5209,Port Brittany,Rhode Island,Sri Lanka,2022-07-15,649
C0263,Charles,Salinas,eibarra@gmail.com,(395)716-3480,Wallaceburgh,Kentucky,Uganda,2022-01-25,42
C0264,Kelly,Price,danielmeyers@gmail.com,+1-491-307-7838,Robinberg,New Mexico,Zimbabwe,2023-06-14,600
C0265,Jacob,Whitaker,cassandra94@yahoo.com,036-099-1480,Michellehaven,Pennsylvania,Mauritania,2021-08-04,301
C0266,Karen,Christensen,chadlewis@boyd.info,001-263-131-3033x1873,West Aaronborough,Indiana,Guam,2025-08-03,319
C0267,Wendy,Franco,xmccoy@hotmail.com,001-669-413-0643x968,New Dylan,Pennsylvania,Saint Kitts and Nevis,2022-01-26,869
C0268,Angela,Arroyo,clarkalexa@yahoo.com,225-110-5446x211,New Jacob,South Dakota,Tajikistan,2025-04-28,390
C0269,Joseph,Watkins,kenneth14@yahoo.com,635.289.5410x8117,East Rogerstad,Pennsylvania,Lesotho,2025-07-08,155
C0270,Ashley,Maxwell,rjackson@yahoo.com,001-993-553-0830x403,East Alexanderport,Arizona,Netherlands,2024-06-13,146
C0271,Brian,Carpenter,beltranjames@shaffer.com,7435984206,West Andrewtown,Alaska,Bouvet Island (Bouvetoya),2024-01-05,958
C0272,Gloria,Ward,uthomas@yahoo.com,926-056-1944x200,South Sarahaven,New Jersey,Central African Republic,2022-01-07,630
C0273,Sharon,Johnson,austin44@gmail.com,(982)241-4917,Palmertown,Washington,Cocos (Keeling) Islands,2024-09-27,943
C0274,Eric,Wright,lisa31@bender-douglas.com,(497)236-9919x80596,Robertside,Delaware,Holy See (Vatican City State),2024-10-06,966
C0275,Javier,Porter,williamsdebra@boyd.info,(883)879-5791,Maxwellburgh,Oklahoma,Canada,2023-05-28,749
C0276,Heather,Bonilla,kevingriffin@barnes.com,580-793-1302,Maxwellshire,Oklahoma,Nepal,2024-01-24,97
C0277,Cody,Case,robertjohnson@johnson.com,+1-259-710-9757x542,Gonzalezmouth,West Virginia,Slovenia,2022-10-25,552
C0278,Douglas,Hawkins,gonzalesgabriel@gmail.com,272-915-3825x5190,South Corychester,Oregon,Iran,2022-07-31,209
C0279,Alexander,Reynolds,nshepherd@lopez.com,843.190.3009,Lake Sandrabury,North Carolina,Malawi,2022-09-09,854
C0280,Patricia,Brown,apriljohnson@gmail.com,404.761.3724x371,North Davidchester,Maryland,American Samoa,2025-07-05,649
C0281,Peter,White,zjohnson@acosta-gonzalez.com,+1-674-305-6599x1594,Jimenezland,Colorado,Germany,2020-11-29,656
C0282,Ashley,Grant,linda31@yahoo.com,(585)232-5205x63712,Lake Jenniferton,Colorado,Svalbard & Jan Mayen Islands,2022-12-18,864
C0283,Angela,Price,sancheztonya@le.net,783.024.5892x12791,Derrickberg,Kansas,Montenegro,2023-02-05,381
C0284,Robert,Andrews,samuelmcmahon@gonzalez.com,581-868-0074x11320,North Calvin,Minnesota,Bosnia and Herzegovina,2021-09-28,673
C0285,Melissa,Anderson,smithstephanie@haynes-jackson.com,(940)431-2839x8489,Lewisberg,Kansas,Eritrea,2021-05-02,768
C0286,Tim,Mora,tyler72@hotmail.com,527-461-8096x12744,Sherryberg,Minnesota,Egypt,2023-09-11,204
C0287,Renee,Santiago,zblair@gmail.com,001-781-433-3274x3016,Lake Richardview,West Virginia,Congo,2021-09-24,495
C0288,Tom,Rodriguez,howardpatty@marquez.com,+1-003-970-5094x47898,Mariehaven,Wyoming,Jordan,2024-07-30,160
C0289,Rebecca,Hale,william28@hotmail.com,3211929484,Robinsonhaven,New Jersey,Uzbekistan,2023-04-18,917
C0290,Lauren,Farmer,nicole22@taylor.com,001-883-459-9847x6389,Rogerstad,Illinois,Kiribati,2022-10-25,96
C0291,Christine,Reynolds,samantha39@gmail.com,632.234.5447,Lake Richard,Indiana,Djibouti,2024-03-03,783
C0292,Sherri,Garcia,stephanie48@ruiz-greer.com,(761)792-2377,Lake Gregory,New Mexico,Mozambique,2022-08-24,808
C0293,Stephen,Bishop,samantha87@hotmail.com,(449)266-8836,West Melissa,Vermont,Peru,2023-01-11,150
C0294,Jamie,Perry,ttyler@yahoo.com,+1-305-268-6605,Margaretland,New Jersey,Mali,2024-05-30,84
C0295,Amber,Logan,cassiescott@gmail.com,090.732.5099x3409,Nunezville,Texas,Burundi,2022-10-20,424
C0296,William,Buckley,garyhenderson@sanchez-bradford.biz,(289)571-0622x2125,Lake Jameshaven,Virginia,Canada,2020-08-11,778
C0297,Lisa,Powell,jsmith@king.biz,001-651-120-8750x080,Alexanderville,Kansas,Spain,2022-09-21,788
C0298,Maxwell,Rogers,jorgelindsey@hernandez-pennington.com,081.466.6167,Port Waynemouth,West Virginia,Cuba,2021-02-23,998
C0299,Danielle,Watkins,josephmiller@yahoo.com,180.534.1280,Reidfurt,Nebraska,Slovenia,2022-07-19,82
C0300,Lauren,Morris,tonya56@yahoo.com,211.209.0374x185,Stevenston,California,Papua New Guinea,2024-10-05,937
C0301,Roger,Young,walterheidi@gmail.com,613.858.9488,East Taraport,Indiana,Sudan,2020-11-11,343
C0302,Christopher,Harper,jamesbyrd@yahoo.com,776.353.6690x551,Priceville,New Mexico,Antarctica (the territory South of 60 deg S),2021-04-13,481
C0303,William,Norton,john86@mckinney.com,410-637-5468x71988,West Tina,Pennsylvania,Cote d'Ivoire,2023-04-23,340
C0304,Shannon,Davenport,teresa29@gmail.com,7299795218,Robertmouth,Georgia,Tajikistan,2024-11-22,346
C0305,Joel,Wilkins,brettjohnson@gmail.com,132.098.9672x3833,East Timothy,Michigan,Vietnam,2025-04-11,770
C0306,Tony,Dougherty,cholder@hubbard.info,272-050-6405,Port Brandy,New Jersey,Aruba,2023-01-20,971
C0307,Jesse,Reynolds,wilsontimothy@wilson-rodriguez.org,772-195-4192,South Cheryl,North Dakota,Equatorial Guinea,2023-10-07,20
C0308,Courtney,Burns,kimberlysmith@hernandez-koch.info,+1-334-305-4953,Chrisfort,Pennsylvania,Heard Island and McDonald Islands,2020-08-15,585
C0309,Rachel,Boyd,courtneygonzalez@smith.com,060-205-5767x80928,North Jacob,Rhode Island,Vanuatu,2024-01-06,346
C0310,Russell,King,lsmith@yahoo.com,001-626-571-7298x956,Michaelhaven,Florida,France,2021-08-22,873
C0311,Michael,Johnson,hhill@yahoo.com,(915)514-9690,Andreshire,Rhode Island,Spain,2023-11-11,254
C0312,Alexander,Green,fwright@yahoo.com,970.948.5294x3986,Averyfort,Oregon,American Samoa,2022-01-02,440
C0313,Gabriela,Hunter,mckinneytamara@yahoo.com,2971805605,South Alexanderport,Ohio,Aruba,2024-05-02,578
C0314,Jamie,Cole,craigmcdaniel@hotmail.com,780.798.1775x76136,Port April,Nebraska,Korea,2021-06-27,377
C0315,Kayla,Collins,william39@hernandez-vasquez.com,558.042.7136,North Melissatown,Mississippi,Cayman Islands,2023-05-15,565
C0316,Catherine,Taylor,veronica44@lynch-blanchard.com,+1-069-622-9817x4721,West David,Vermont,Canada,2021-04-19,488
C0317,Taylor,Brown,ellismichael@george-lewis.com,001-331-961-2663x358,Saraside,Massachusetts,Tajikistan,2022-11-12,622
C0318,Russell,Payne,carrie39@yahoo.com,873-458-9357,Anthonyburgh,Hawaii,Haiti,2025-01-16,138
C0319,Emily,Barber,thomasbrown@bowman.com,001-724-601-8795x5830,Brandonberg,Florida,Togo,2020-12-21,603
C0320,Maureen,Taylor,robert62@byrd-archer.com,001-443-331-8318,Vincentview,Mississippi,Oman,2023-10-08,367
C0321,Troy,Bullock,emitchell@gmail.com,001-370-226-6485x4228,Lake Jeffrey,North Dakota,Lithuania,2024-02-07,235
C0322,Jaime,Stevens,zingram@collins-keller.com,571-786-5657x22418,Harveytown,Michigan,Bahamas,2021-08-07,929
C0323,Nathan,Hall,phillipslinda@gmail.com,001-118-968-8289x355,South Shelley,Mississippi,New Zealand,2021-07-12,387
C0324,Steven,Edwards,jessicacampbell@boyd-hill.com,(396)441-6423x95175,South Laurie,Arizona,Saint Vincent and the Grenadines,2025-07-11,735
C0325,Daniel,Jones,erik96@yahoo.com,(858)539-1878,West Bobby,New York,Congo,2025-03-12,316
C0326,Debra,Johnson,sydneypatton@hotmail.com,+1-022-865-4825x5368,New Antonio,Washington,French Southern Territories,2022-04-15,123
C0327,Jennifer,Swanson,johnsonmichael@hale.info,(565)019-5648,South Russell,Virginia,Haiti,2024-01-02,466
C0328,Krista,Anderson,collinsrobert@hotmail.com,(635)009-7486x674,Port Luis,Maryland,Yemen,2022-10-05,565
C0329,Victoria,Robinson,katelyncrawford@hotmail.com,(140)929-5964x548,East Angelica,New Hampshire,Mozambique,2025-04-27,85
C0330,Shane,Morris,brianariggs@yahoo.com,058.762.0510,Kylefort,Tennessee,Suriname,2022-05-04,369
C0331,Deanna,Allen,jeffrey44@hotmail.com,001-533-282-5067,Danielburgh,New Jersey,Cambodia,2023-06-23,312
C0332,Kenneth,Hays,gonzalezkimberly@yahoo.com,(401)868-6640x19280,Grahamview,Kentucky,Uzbekistan,2021-01-27,955
C0333,Richard,Russell,donnapowers@miller.com,486-579-6769,Michaelborough,Alabama,Papua New Guinea,2025-04-19,164
C0334,Lindsey,Wade,jeffreycarlson@yahoo.com,130-735-9893x079,Johnsonborough,South Carolina,Aruba,2024-10-23,856
C0335,Zachary,Johnson,mendozakyle@moss-meyers.com,(243)940-0463x73165,Lanebury,Illinois,Yemen,2025-07-10,944
C0336,Monique,West,jeffpitts@davis.com,(284)443-5915,East Candiceburgh,Vermont,Montenegro,2021-02-11,80
C0337,Michael,Brown,bduarte@yahoo.com,(142)782-3899,Karinaport,Missouri,Sweden,2020-12-16,528
C0338,Shawna,Woodard,zking@yahoo.com,(203)661-4515,Nelsonton,Maine,Jordan,2021-12-25,102
C0339,Colleen,Duffy,joannasmith@freeman.com,(759)519-5034,South Angelahaven,Nevada,Madagascar,2022-07-17,272
C0340,Samantha,Garcia,plandry@hotmail.com,+1-657-996-8222x270,East Melissa,California,United Kingdom,2023-12-03,615
C0341,Stephanie,Barron,jose60@campbell.info,361-343-9183x1045,Willismouth,Wyoming,Argentina,2024-08-25,470
C0342,Jonathan,Bush,qwells@farley-abbott.com,021.038.8135x46451,West Eric,Michigan,Iceland,2023-08-20,259
C0343,David,Ellis,trevor74@welch.biz,+1-573-343-4332,East Joseph,Hawaii,Portugal,2021-04-27,477
C0344,Kelly,Mclaughlin,monicabecker@johnson.com,917-091-7502x628,South Stephenberg,Texas,Bouvet Island (Bouvetoya),2023-03-24,113
C0345,James,Roach,jjohnson@hotmail.com,951-981-9738x63406,Joseville,Texas,Singapore,2020-10-04,6
C0346,Jerry,Baker,hbush@yahoo.com,(132)467-0301x30965,Kevinstad,Maryland,Luxembourg,2021-04-19,148
C0347,Christina,Moore,jamessheppard@gmail.com,001-237-168-9065x932,South Amber,North Carolina,Comoros,2024-11-30,974
C0348,Leah,Nguyen,lisathomas@keith-cooper.biz,131-515-8541x91324,Clarkshire,Maryland,Vanuatu,2025-01-14,296
C0349,Gloria,Banks,pdavis@davis.com,(250)508-0655x66703,Hardyhaven,West Virginia,Tunisia,2022-10-26,795
C0350,Melissa,Miller,sarah17@gmail.com,001-552-832-6595x380,Reginashire,Missouri,Kazakhstan,2023-04-17,584
C0351,Richard,Harper,richardjohnson@yahoo.com,(006)063-0222x0702,West Ambermouth,California,Portugal,2020-10-20,964
C0352,Christopher,Jones,timothy27@hotmail.com,+1-482-558-8717x836,Chadburgh,North Dakota,Russian Federation,2021-02-11,883
C0353,Aaron,Taylor,rharper@yahoo.com,(985)157-8421x610,East Nathaniel,Delaware,Romania,2024-10-31,835
C0354,Michael,Wilson,davisjohn@gmail.com,+1-330-018-6714x0709,New David,Maryland,Colombia,2023-12-19,789
C0355,Patricia,Peterson,rebeccamcneil@hotmail.com,(477)929-2651x3081,Lake Jennifer,Utah,Kenya,2024-06-02,63
C0356,Jennifer,Bennett,hewing@hotmail.com,+1-727-223-8015x71467,West Nancyside,Louisiana,Ghana,2024-12-26,412
C0357,Rebecca,Cox,vgentry@gmail.com,831.270.4254,Stevensbury,Indiana,Burundi,2023-10-14,914
C0358,Brenda,Mejia,pparker@gmail.com,201.916.1768,Adamshire,Ohio,Kiribati,2022-06-28,595
C0359,Angela,Kaufman,brianfields@nguyen.com,+1-746-694-8206,East Kenneth,Indiana,Equatorial Guinea,2020-09-08,991
C0360,Paul,Osborne,bwright@johnson-howard.org,529-174-4117,Thompsonmouth,Kansas,Israel,2022-03-05,289
C0361,Marie,Hernandez,imartin@holmes.org,610.074.6093x94603,West Kirk,Hawaii,Saint Helena,2023-08-27,655
C0362,Jessica,Harris,xblair@wood.info,+1-654-690-2339x7260,East Jacobmouth,Wisconsin,American Samoa,2021-09-13,921
C0363,Brian,Jennings,marvin94@munoz-sherman.com,(465)934-4437x1805,Millerville,Louisiana,Somalia,2021-02-10,662
C0364,Tyler,Anderson,russellmatthew@santos.info,2135100198,South Nancy,Mississippi,South Georgia and the South Sandwich Islands,2024-09-23,89
C0365,Joanna,Brown,taylor38@hayes.com,038-854-1978x488,East Sarah,Wisconsin,Jordan,2021-06-08,857
C0366,Rhonda,Orozco,ginakane@mitchell.com,7393476071,Adamstad,Missouri,Egypt,2021-04-28,618
C0367,Jose,Jones,mckenzie88@small.com,+1-628-703-4652x6182,Wrightberg,Maine,El Salvador,2023-08-14,436
C0368,Susan,Jones,ihudson@yahoo.com,(974)349-1632x176,New Williambury,Arkansas,Peru,2024-07-17,618
C0369,Jessica,Collins,kellystefanie@taylor.com,(204)416-6066x44772,East Benjamintown,Wyoming,Senegal,2022-07-25,811
C0370,John,Skinner,parkpatricia@ramirez-flores.com,3022019143,Johnsonhaven,Iowa,Uzbekistan,2024-09-01,459
C0371,Zachary,Garcia,riceadrian@anderson.com,160-308-4461x4005,Davidberg,Arizona,Madagascar,2024-08-09,524
C0372,Natalie,Clay,isaac50@gmail.com,087.329.9581,Martinezchester,Georgia,Mali,2024-03-23,417
C0373,Kimberly,Sheppard,ericalopez@hotmail.com,001-907-882-3887x74214,Reyeston,Kansas,Holy See (Vatican City State),2025-06-08,86
C0374,Larry,Simon,wrightgina@hotmail.com,+1-040-781-6201x789,Port Paul,Minnesota,Azerbaijan,2021-07-06,199
C0375,Cory,Stevens,todd81@green.com,7178072566,New Annaton,North Carolina,Benin,2024-08-03,386
C0376,Daniel,Gross,thomasblackburn@cohen-ross.net,039.927.9081,Lake Lindsey,Iowa,Singapore,2021-03-24,40
C0377,Chelsea,Perez,conleydorothy@yahoo.com,+1-108-240-2126x1207,Lake Zacharybury,South Carolina,Puerto Rico,2023-03-17,387
C0378,James,Bush,urice@carey.biz,239-844-4206,New David,Washington,Uruguay,2020-12-16,863
C0379,Jeremy,Brown,chammond@ortiz.com,106-766-8865x511,New Chadport,Colorado,Ukraine,2021-07-02,735
C0380,Michelle,Hayes,molinajustin@moyer.org,086.415.5231x30395,Wendyfurt,North Carolina,Lesotho,2024-10-14,322
C0381,Heather,Bryant,yguzman@gmail.com,(107)066-1384,Christopherfurt,Tennessee,Estonia,2024-09-19,115
C0382,Ryan,Morris,waterstheresa@yahoo.com,823-404-0047,Lake Michaelmouth,North Dakota,Slovakia (Slovak Republic),2024-12-04,307
C0383,Michael,Smith,annagraham@wright-holloway.com,426-107-0836,Port Mirandahaven,Alaska,Guatemala,2024-10-25,766
C0384,Alvin,Mcknight,lbrock@russell-mullins.org,+1-415-724-8344,Taylorfurt,South Dakota,Cocos (Keeling) Islands,2022-07-01,104
C0385,Tracey,Black,djohnson@yahoo.com,001-735-638-1602x50218,Hollyfort,California,Lebanon,2022-03-23,446
C0386,Robin,Allison,paulagriffith@evans.com,757-114-4740x303,Colleenhaven,New York,Anguilla,2025-05-17,511
C0387,Melanie,Church,amy76@yahoo.com,608-837-3920x77498,West Stephanie,Florida,Greenland,2024-10-03,25
C0388,Sean,Caldwell,blarsen@yahoo.com,381-731-4553,Jonesfurt,Delaware,Liechtenstein,2020-10-01,366
C0389,Nathan,Bell,henry13@gmail.com,001-013-625-4023x3304,Tammyville,New Hampshire,Singapore,2022-04-23,684
C0390,Richard,Martin,sdennis@yahoo.com,826.153.1857x637,North Kellyview,Maine,Israel,2025-02-19,841
C0391,Nicholas,Cole,reedlaura@hodges-francis.org,001-834-459-2550x227,Kellertown,Indiana,Burkina Faso,2023-01-31,76
C0392,Jasmine,Salas,nnguyen@hotmail.com,+1-854-955-7898x385,Simonport,New Hampshire,Azerbaijan,2021-05-17,515
C0393,Shelly,Warner,chase48@gonzalez.com,909-820-2609,Matthewport,Kentucky,Montenegro,2025-03-16,838
C0394,Shelby,Diaz,jessica42@brown.biz,475-696-0380x865,Larabury,New Mexico,Samoa,2025-07-04,134
C0395,Benjamin,Garcia,gregory05@gmail.com,(920)004-5449x586,West Cherylbury,Idaho,Anguilla,2022-09-29,451
C0396,Alicia,Martinez,barrettdana@yahoo.com,543.253.2168,West Monica,Indiana,Honduras,2024-05-25,709
C0397,Michael,Underwood,robertduran@yahoo.com,+1-665-614-3467x3922,Leslieport,Georgia,Marshall Islands,2024-02-21,876
C0398,Mark,Hoffman,danielhill@blair.info,(744)194-3574,Leslieshire,Montana,Dominica,2024-11-11,379
C0399,John,Miller,joseph98@barrera-sanchez.net,(109)932-9833x40840,East Tammyburgh,New Mexico,United Arab Emirates,2023-02-18,199
C0400,Crystal,Garner,shafferjames@gmail.com,282-866-9429,West Nicole,Tennessee,Ireland,2023-10-08,82
C0401,Brad,Davis,mbenson@yahoo.com,(248)748-9672x7437,Keybury,Iowa,Madagascar,2020-10-23,969
C0402,Bobby,Conner,hendersonjoshua@baker.com,666.546.9128x28016,Wuberg,Tennessee,United States Minor Outlying Islands,2021-12-14,520
C0403,Morgan,Clark,lmartinez@brewer.com,001-905-929-8246x043,Hollymouth,Oregon,Malta,2025-04-18,921
C0404,Thomas,Scott,whiteheadrobert@hotmail.com,296.677.9301x4411,New Nicolefurt,West Virginia,Zimbabwe,2021-11-27,423
C0405,Amanda,Wright,tara55@gmail.com,(442)945-1377x008,Barbaraburgh,Ohio,South Africa,2023-11-10,245
C0406,Stephen,Bentley,pamelamaldonado@ponce.com,(472)262-1647x55334,Eileenside,Tennessee,Morocco,2022-07-09,524
C0407,Harold,Rogers,leah43@yahoo.com,+1-112-485-3199x44623,North Juliemouth,Kentucky,Algeria,2021-10-05,933
C0408,Brian,Kelly,umoran@patel-stewart.biz,001-799-416-7409,South Clayton,Colorado,Guernsey,2025-08-04,859
C0409,Cynthia,Moreno,mgonzalez@brooks.net,345-361-2822x87274,New Stephanieshire,Michigan,Brunei Darussalam,2023-09-06,636
C0410,Sabrina,Thompson,cwebb@gmail.com,385.856.8775,Whitefurt,South Carolina,Austria,2025-04-04,187
C0411,Larry,Mathews,mccoycalvin@gmail.com,587-453-9608x85540,Kemptown,Delaware,China,2024-05-23,70
C0412,Anthony,Wright,austinwilkins@gmail.com,+1-161-900-2555x8868,Paulhaven,Illinois,Sri Lanka,2020-08-20,335
C0413,Patrick,Vargas,sferguson@hotmail.com,+1-151-065-6004x89359,Randallview,Alabama,Iceland,2021-10-07,307
C0414,Michael,Phillips,heatherjames@gmail.com,001-506-126-1835x33994,Gutierrezside,Arizona,Equatorial Guinea,2023-04-14,578
C0415,Richard,Pham,vparker@yahoo.com,001-898-102-6526,Joannastad,Montana,Uzbekistan,2025-01-14,660
C0416,Michelle,Ellis,gamblemichael@yahoo.com,078-224-7924,West Jameston,North Dakota,Anguilla,2021-12-13,341
C0417,Hannah,Ruiz,alexanderheather@cox.com,740.861.4488x52471,North Ashley,Virginia,El Salvador,2020-10-11,706
C0418,Denise,Green,clarkalexandra@moore.com,841-215-9822,Port Alexander,Missouri,Paraguay,2024-06-26,270
C0419,Kristine,Nguyen,vstewart@yahoo.com,001-943-387-9689x09223,Lake James,Maine,Finland,2023-11-19,179
C0420,Grant,Floyd,gomezalexander@miller.com,255.732.8910x552,Barbaraside,Tennessee,Aruba,2020-09-22,3
C0421,Gerald,Knight,shirley13@green.com,(582)798-6137x62982,New Christine,Idaho,Guinea-Bissau,2023-09-12,476
C0422,Ian,Mitchell,stephanie75@harris-riley.com,803.198.3427x99613,Cynthiaport,Illinois,Papua New Guinea,2021-12-29,318
C0423,Sierra,Steele,amberreeves@clark.com,+1-833-020-4670x659,Jessicastad,Utah,Bermuda,2022-03-28,56
C0424,Troy,Young,tdrake@wells.com,037-493-9966x1080,South Roberttown,Virginia,Monaco,2022-11-05,215
C0425,Casey,Johnson,pconrad@hotmail.com,462-484-3822x99633,New Daniellefurt,Idaho,Kuwait,2022-10-08,690
C0426,Pamela,Miller,joshuastone@hotmail.com,+1-381-121-5853x1331,South Christopher,Colorado,Iraq,2024-03-23,874
C0427,Phillip,Jefferson,gracewatson@garner.com,212.482.5234x0790,Amandaland,Tennessee,Argentina,2021-04-10,941
C0428,Jason,Hinton,qhampton@hotmail.com,723.531.4616x49408,Port Meganhaven,Hawaii,Bulgaria,2021-09-17,833
C0429,Susan,Morris,jordancassandra@gmail.com,221.454.3944x498,East Reginaldland,Idaho,Senegal,2022-03-27,869
C0430,Denise,Melendez,csalas@hotmail.com,(038)946-3125x57448,South Justinmouth,Vermont,Australia,2022-09-12,244
C0431,Stacy,Lopez,thomas18@yahoo.com,923-833-5815x74270,Donaldport,Delaware,Ecuador,2021-07-08,167
C0432,Charles,Gates,justinbarrett@franco.com,869-543-8464x01277,South Taylor,Delaware,British Indian Ocean Territory (Chagos Archipelago),2023-01-07,305
C0433,Jason,Mckay,jwang@taylor-moses.com,+1-164-786-2633,Port Barbara,Utah,Chad,2021-03-07,672
C0434,Jennifer,Jones,rogersedward@beasley.net,099-212-0411,Kristenland,Rhode Island,Germany,2021-06-26,472
C0435,Erika,Gonzalez,schwartzcindy@rollins.com,837.519.8425,Port Lindsay,California,Mauritius,2024-06-11,588
C0436,Edward,Smith,colejacqueline@reid.com,001-020-242-0597x94965,Lake Gregorymouth,Nevada,British Virgin Islands,2025-06-21,16
C0437,Jennifer,Beck,woodricky@murphy.net,811-170-0251x0400,New Josephfort,Louisiana,Anguilla,2022-12-13,814
C0438,Kimberly,King,sharonpope@gmail.com,001-127-495-7964,Zimmermanborough,Washington,Fiji,2020-08-23,139
C0439,Zoe,Lee,corey33@kane.net,+1-504-048-5271,Rayfurt,Michigan,Martinique,2023-01-11,856
C0440,Tracy,Vang,beverlymiller@hotmail.com,(607)331-1630x519,Dennischester,Mississippi,Dominica,2025-01-25,877
C0441,Patrick,Sullivan,wsoto@hotmail.com,501.232.3337,Port Melissa,New Hampshire,Sao Tome and Principe,2022-12-17,943
C0442,Alex,White,hernandezdaniel@ward-thompson.com,961-653-3391x7615,Katiebury,California,Micronesia,2022-03-13,120
C0443,Adam,Carey,johnsonnatasha@craig.org,+1-686-334-3235x64107,Anthonyshire,Utah,Trinidad and Tobago,2021-01-09,522
C0444,Jessica,Rice,vkane@gmail.com,220-100-3817,Stephenchester,California,El Salvador,2020-08-21,319
C0445,Terri,Adams,steeleandrea@gmail.com,7540360948,Cooperview,New Hampshire,Guatemala,2020-11-12,670
C0446,Roberto,Molina,amiddleton@durham-mccoy.net,001-691-018-9819x423,Jorgefurt,Minnesota,Moldova,2023-01-17,901
C0447,Pamela,Roberts,qrobertson@santiago-sharp.org,7212306168,Pamelaview,Pennsylvania,Guyana,2025-02-18,580
C0448,Jeremiah,Armstrong,jamesrivera@yahoo.com,001-379-606-8363,New Amanda,Oklahoma,Austria,2022-01-10,964
C0449,Katie,Davis,julierogers@yahoo.com,254-959-1224,New Darlenemouth,West Virginia,New Caledonia,2020-10-23,825
C0450,Jessica,Carey,wkaiser@hotmail.com,001-981-179-3736,Port Cindy,Virginia,New Caledonia,2021-03-25,198
C0451,Jamie,Daniel,karen45@hotmail.com,747-532-0754,Carsonburgh,Texas,Paraguay,2022-08-11,571
C0452,Sarah,Marquez,jacob21@wright.com,(671)041-0570x331,North Jenniferville,New Hampshire,Macao,2025-01-08,281
C0453,Joshua,Fuentes,shepardjody@hunt.com,8067112542,East Joehaven,Wyoming,Papua New Guinea,2025-02-11,918
C0454,Eric,Taylor,todd82@yahoo.com,2266916853,Danielville,Maryland,Uruguay,2024-11-11,270
C0455,Alyssa,Gonzalez,alan98@gomez-davies.org,+1-727-492-5048x8747,Crystalchester,Arkansas,Vanuatu,2025-02-28,37
C0456,Patrick,Perry,myersfrederick@yahoo.com,9285547494,Michealshire,Colorado,Wallis and Futuna,2025-01-03,675
C0457,Jordan,Gutierrez,christopherprice@gmail.com,629-682-4755x31354,South Melissaberg,Indiana,Guam,2025-03-27,398
C0458,Theresa,Blevins,michaelmiller@hotmail.com,219-629-0992x568,Fisherside,New Hampshire,India,2025-07-28,329
C0459,David,Jones,reynoldsamber@hotmail.com,6982799965,Taylorton,Indiana,Gambia,2023-11-23,723
C0460,Shane,Ortega,ygood@hotmail.com,302.503.7084x310,Stevenfort,Massachusetts,Jamaica,2022-05-04,520
C0461,Paige,Williams,kryan@sanchez.com,001-371-602-4486x8259,Robinsonville,Indiana,Algeria,2020-11-15,116
C0462,Stephen,Campbell,doris46@peterson-jenkins.com,+1-204-229-5641,Fowlerland,West Virginia,Mongolia,2022-02-03,611
C0463,Brenda,Jones,sullivansharon@yahoo.com,001-965-417-5135,South Ryan,New York,United States of America,2021-12-15,148
C0464,Patrick,Hart,eugeneknight@baldwin-russell.com,243.708.2906x0537,New Sherrybury,Indiana,Nauru,2024-04-13,722
C0465,Michael,Ramirez,gonzalesjacqueline@gmail.com,522.614.0921,Millerfurt,Arkansas,Guinea-Bissau,2023-08-01,892
C0466,Cassandra,Ward,travishale@hotmail.com,+1-424-760-8895x41672,Evanshaven,Nebraska,Guyana,2022-04-10,264
C0467,Nicholas,White,lopezbrian@sandoval.com,4775807755,Austinport,Minnesota,Netherlands,2024-05-23,252
C0468,Francisco,Hill,morrisonshannon@martin.com,937-413-4707,Ambermouth,North Carolina,Egypt,2020-12-24,781
C0469,Brian,Butler,shannonmccarty@hotmail.com,583.958.9475,Lake Haroldville,Pennsylvania,United States Minor Outlying Islands,2020-09-06,251
C0470,Jacob,Phillips,rgonzalez@howard.org,+1-423-836-6085,Jessicamouth,Louisiana,Tokelau,2024-10-22,138
C0471,Lisa,Black,codymartinez@yahoo.com,(536)693-8188,South Annaview,Iowa,Ecuador,2022-03-02,404
C0472,Troy,Peterson,ibishop@hotmail.com,440.610.7397x04479,Jasonstad,Nevada,Mozambique,2025-04-21,870
C0473,John,Chambers,jacqueline52@logan.com,105-285-5089x73504,Port Robert,Wisconsin,Sao Tome and Principe,2022-11-30,222
C0474,Jonathan,Morales,robinwhite@stevens.com,+1-515-753-2259x3269,Allenville,Wisconsin,Poland,2025-07-22,741
C0475,Kayla,Moreno,kathy37@yahoo.com,452-298-2475x069,Michellefurt,Virginia,Burkina Faso,2025-03-23,264
C0476,James,Richardson,hamiltonreginald@gmail.com,178.050.5464x0801,Cynthiahaven,Nevada,Saint Kitts and Nevis,2022-01-02,704
C0477,Curtis,Wright,emmanewton@arroyo.org,(300)574-5721x8298,Rushfort,Arizona,Qatar,2023-05-10,732
C0478,Kathryn,Palmer,ggibson@sosa-french.biz,(851)595-1921x22736,Jessicaland,Vermont,Nauru,2020-10-17,91
C0479,Zachary,Campbell,gabrielsmith@yahoo.com,542.465.4729,Jonesville,Maine,Timor-Leste,2025-01-30,272
C0480,Eric,Chambers,andersonzachary@hotmail.com,6998429759,New Audreyton,Connecticut,Palau,2024-05-30,123
C0481,Angie,Ford,katie48@yahoo.com,969.671.4025x7474,South Jennifer,Mississippi,Mayotte,2023-07-15,784
C0482,Eugene,Glenn,campbellbrian@yahoo.com,(678)934-0534x21552,North Nathan,Washington,Azerbaijan,2021-04-10,316
C0483,Tracy,Johnson,pmejia@gmail.com,357.890.6062x44800,South Erica,Rhode Island,Suriname,2023-06-13,526
C0484,Jessica,Anderson,jamesbrittany@wells.org,807.912.7622x572,South Kristie,Nebraska,Chad,2021-01-17,887
C0485,Charles,Sexton,rickywise@wilson-lee.org,089-034-4156x932,Lewisborough,Kansas,Norfolk Island,2021-06-12,391
C0486,Anthony,Velez,eramirez@carrillo-mora.com,563-338-9651,West Jamesmouth,New York,Isle of Man,2025-07-06,941
C0487,Deborah,Williams,steven64@jones.com,(008)220-7967x991,Lake Sandraview,New York,Albania,2024-04-27,998
C0488,Danielle,Bates,tlong@walls.biz,516.203.0702x870,West Jessica,Rhode Island,Burundi,2021-09-04,897
C0489,Kimberly,Holmes,michaeldougherty@lopez.org,896.365.8288,Longview,Nevada,Samoa,2023-03-16,677
C0490,Stephanie,Scott,jlewis@gmail.com,744.854.5287x3205,Victoriachester,Nevada,Kyrgyz Republic,2022-07-20,693
C0491,Adam,Drake,cameronnicholas@richardson.com,001-104-304-0532x189,Brookshaven,Colorado,Guernsey,2025-04-08,171
C0492,Raymond,Walton,lawrence38@hotmail.com,1841366961,West Timothyside,Alaska,Ukraine,2024-09-27,587
C0493,William,Hill,carmen31@turner.com,001-451-056-5947x8217,Lake Davidhaven,Iowa,Zimbabwe,2020-08-08,512
C0494,Melissa,Mitchell,lewisbrian@gmail.com,+1-996-978-2277x16904,Kathleenhaven,Oregon,Madagascar,2020-12-09,93
C0495,Gregory,Solis,erin27@hopkins.net,(297)227-6985x177,Rosetown,Minnesota,Brunei Darussalam,2022-11-11,948
C0496,Shannon,Davis,margaretatkins@mendez.com,610.549.2169x42008,South Devin,Wisconsin,Burundi,2022-01-19,922
C0497,Jennifer,Gutierrez,emily55@hotmail.com,015.529.0582,East David,Rhode Island,India,2023-01-06,852
C0498,Kimberly,Chase,curtisdodson@atkins-wilson.biz,+1-104-059-8978x950,Richardsville,New Jersey,Jamaica,2025-05-04,735
C0499,Kaitlin,Wright,imeyer@gmail.com,854-897-3769x0978,Port Heather,New Jersey,Cambodia,2024-05-05,327
C0500,Donald,Bass,tclark@yahoo.com,(740)803-5208,Port Linda,Georgia,Sierra Leone,2023-02-22,664
