order_id,customer_id,order_date,status,shipping_address,delivery_date,total_amount,shipping_method
O00001,C0462,2025-02-14,Cancelled,"8688 Noah Meadows, Lake Toni, SC 64122",2025-02-23,1895.67,Standard
O00002,C0415,2025-06-04,Pending,"6875 Stewart Viaduct Apt. 659, Cranehaven, CO 30370",2025-06-09,986.05,Express
O00003,C0103,2024-11-17,Delivered,"USNV Thompson, FPO AA 48058",2024-11-19,788.39,Express
O00004,C0029,2023-10-07,Pending,"2436 Robert Ferry Apt. 718, West Amandatown, ND 86504",2023-10-16,1399.89,Overnight
O00005,C0216,2024-12-13,Cancelled,"4061 Barbara Valleys Suite 889, New Amybury, HI 06771",2024-12-17,1465.63,Overnight
O00006,C0004,2024-07-04,Cancelled,"343 Matthew Fork, Johnsonside, WV 93432",2024-07-09,1761.26,Standard
O00007,C0157,2024-08-29,Pending,"021 Davis Meadow Suite 305, New Sydney, NV 03464",2024-08-30,196.82,Standard
O00008,C0444,2024-09-22,Shipped,"9647 Montgomery Parks, Lake Catherinemouth, NY 92145",2024-10-02,550.21,Standard
O00009,C0271,2024-11-15,Pending,"4557 Joshua Gateway, Allisonburgh, PA 36474",2024-11-20,1597.87,Express
O00010,C0076,2024-11-11,Shipped,"123 Tara Prairie, North Kathrynview, AR 58100",2024-11-15,1390.38,Express
O00011,C0447,2025-06-17,Shipped,"649 Jessica Crest Apt. 893, Shannonton, NY 81733",2025-06-20,525.14,Standard
O00012,C0151,2024-12-26,Shipped,"PSC 9327, Box 3333, APO AE 54860",2025-01-03,1479.42,Standard
O00013,C0396,2024-06-12,Delivered,"Unit 5254 Box 2155, DPO AP 86167",2024-06-14,1696.16,Express
O00014,C0232,2025-05-17,Pending,"368 Carlson Mews, Alyssamouth, ID 36805",2025-05-24,1075.61,Standard
O00015,C0014,2024-08-04,Pending,"002 Rosario Plaza, West Brenda, CT 94973",2024-08-10,351.72,Standard
O00016,C0040,2023-09-16,Delivered,"9221 Strickland Dale, West Nicholas, TX 53326",2023-09-21,53.13,Express
O00017,C0302,2024-05-09,Pending,"617 Dudley Plaza Apt. 971, Andersonstad, WY 46053",2024-05-19,1273.19,Standard
O00018,C0035,2023-12-17,Cancelled,"8954 Andrea Haven Apt. 234, Port Henrymouth, NE 06967",2023-12-19,1394.68,Express
O00019,C0173,2024-11-09,Delivered,"28514 Victoria Overpass Apt. 693, East Juanshire, CA 83833",2024-11-12,1103.59,Standard
O00020,C0212,2023-12-22,Shipped,"45227 Susan Locks Apt. 276, Michelleshire, AZ 90598",2023-12-28,1562.01,Overnight
O00021,C0076,2023-10-13,Pending,"22230 Warren Fords Suite 587, South Michelle, CO 56403",2023-10-21,1623.57,Express
O00022,C0478,2024-08-21,Cancelled,"868 Joseph Dale, Lake Robert, WA 47530",2024-08-30,43.09,Overnight
O00023,C0116,2024-03-03,Delivered,"4418 Jeffrey Lodge, West Christina, AK 01115",2024-03-12,904.95,Express
O00024,C0274,2023-11-11,Delivered,"Unit 3774 Box 6320, DPO AE 70609",2023-11-13,197.07,Standard
O00025,C0189,2024-07-08,Cancelled,"439 Steven Villages, Lake Shannon, KY 51785",2024-07-09,643.83,Standard
O00026,C0500,2023-10-04,Cancelled,"Unit 6942 Box 9667, DPO AP 49310",2023-10-05,1591.48,Overnight
O00027,C0099,2024-12-11,Delivered,"73781 Craig Curve, Ryanview, TX 40079",2024-12-14,1984.7,Standard
O00028,C0232,2025-04-23,Shipped,"02228 Matthew Center, West Jorge, AK 51993",2025-05-02,871.61,Express
O00029,C0177,2024-01-29,Shipped,"32513 Butler Ridges Suite 708, East Lorettaborough, NE 45877",2024-02-08,583.91,Express
O00030,C0365,2023-12-04,Pending,"07224 Scott Inlet, West Ryan, CO 82041",2023-12-06,800.85,Overnight
O00031,C0310,2025-06-12,Cancelled,"USNS Patel, FPO AP 88117",2025-06-17,1489.48,Overnight
O00032,C0417,2025-06-20,Delivered,"USCGC Woodward, FPO AE 20489",2025-06-24,1757.37,Express
O00033,C0132,2025-02-10,Delivered,"54800 Mathis Fields, Jasontown, VT 54864",2025-02-12,1153.86,Express
O00034,C0382,2024-02-06,Delivered,"077 Cindy Hollow, Roberttown, TN 38018",2024-02-14,1688.39,Express
O00035,C0266,2024-10-02,Cancelled,"18812 Christine Well Suite 779, South Crystalview, FL 17836",2024-10-08,1089.16,Standard
O00036,C0181,2025-07-13,Cancelled,"Unit 2251 Box 4350, DPO AP 32085",2025-07-22,705.45,Express
O00037,C0229,2024-12-15,Cancelled,"3466 Daniel Shore, Billyville, CO 41117",2024-12-25,1633.05,Express
O00038,C0023,2025-04-13,Delivered,"355 Flores Landing Suite 138, South Susan, GA 65528",2025-04-18,1177.75,Express
O00039,C0257,2024-08-31,Delivered,"7401 Bianca Road, Christopherfurt, OR 45419",2024-09-02,1256.36,Express
O00040,C0008,2025-05-28,Delivered,"2350 Harmon Coves, Acevedostad, NC 11732",2025-06-05,711.38,Overnight
O00041,C0207,2024-10-30,Shipped,"728 Alexander Shore, Brittanyhaven, MI 95412",2024-11-08,587.58,Standard
O00042,C0337,2024-01-12,Delivered,"USCGC Boyd, FPO AE 21088",2024-01-18,860.13,Standard
O00043,C0059,2024-07-11,Cancelled,"4169 Owens Coves Apt. 149, North Lisaville, CA 22343",2024-07-18,1720.46,Standard
O00044,C0064,2024-12-26,Cancelled,"921 Anthony Pine, Jaimeville, SC 09294",2024-12-31,547.63,Overnight
O00045,C0118,2024-11-04,Delivered,"4142 Jacob Ranch, Jakeberg, IA 25340",2024-11-14,900.23,Standard
O00046,C0062,2025-07-06,Pending,"83588 Brian Ferry Apt. 852, Floydbury, MT 56870",2025-07-07,174.35,Overnight
O00047,C0445,2025-02-16,Pending,"USNS Duran, FPO AA 49209",2025-02-17,1356.19,Express
O00048,C0320,2025-06-19,Pending,"26797 Leslie Course Suite 167, Kelseybury, SD 21960",2025-06-21,1697.49,Express
O00049,C0382,2024-04-09,Pending,"USNV Clark, FPO AA 62235",2024-04-19,334.7,Standard
O00050,C0485,2023-08-31,Pending,"08080 Ryan Garden, Lake Billyport, AR 20730",2023-09-03,106.22,Express
O00051,C0218,2024-09-12,Delivered,"Unit 5904 Box 7714, DPO AP 81559",2024-09-17,70.26,Express
O00052,C0336,2024-10-27,Delivered,"44505 Amy Forges, Terrymouth, NY 50858",2024-11-02,462.25,Standard
O00053,C0453,2023-10-31,Pending,"92367 Wendy Lock Suite 028, Jamesland, NM 43287",2023-11-07,1592.6,Overnight
O00054,C0252,2023-10-11,Shipped,"08381 Anthony Plaza, North Tristanchester, ME 02474",2023-10-13,974.64,Express
O00055,C0028,2024-06-23,Cancelled,"05243 Knight Square Apt. 752, Port Stephanieshire, IL 88679",2024-07-01,868.76,Express
O00056,C0279,2024-05-15,Shipped,"0248 Robertson Estates, Lambborough, MI 99126",2024-05-19,1251.39,Standard
O00057,C0191,2023-08-22,Cancelled,"USS White, FPO AE 97241",2023-08-23,1746.81,Standard
O00058,C0063,2024-12-21,Pending,"1939 Patricia Trail, Brianstad, RI 77383",2024-12-23,669.53,Overnight
O00059,C0147,2024-09-22,Delivered,"73158 Peterson Roads, South Ericachester, NC 27993",2024-09-23,945.66,Express
O00060,C0491,2023-09-03,Delivered,"7494 Louis Forks, Lucasfurt, FL 35359",2023-09-13,732.42,Overnight
O00061,C0475,2025-04-14,Shipped,"USS Singh, FPO AP 19341",2025-04-17,1879.35,Express
O00062,C0409,2024-01-07,Pending,"71184 John Common, Pruittborough, CA 92988",2024-01-12,1025.05,Express
O00063,C0229,2024-06-12,Delivered,"231 Castro Junction, Port Marilynhaven, WV 49676",2024-06-17,1725.27,Express
O00064,C0442,2025-04-30,Shipped,"Unit 9200 Box 6798, DPO AE 65049",2025-05-09,419.58,Standard
O00065,C0421,2024-07-22,Delivered,"776 Harper Overpass, Woodmouth, OR 92975",2024-07-27,1502.53,Standard
O00066,C0447,2025-05-30,Shipped,"307 Joseph Grove Apt. 217, East Donald, CO 40141",2025-06-06,400.36,Express
O00067,C0033,2025-05-07,Pending,"847 Billy Summit Apt. 146, North Rebeccaside, ID 80902",2025-05-16,1387.42,Standard
O00068,C0164,2024-09-22,Cancelled,"3971 Joseph Squares, New Heidiborough, GA 04888",2024-09-30,1338.21,Express
O00069,C0337,2024-02-13,Pending,"065 Cassandra Square, New Ashley, WV 13934",2024-02-15,236.32,Express
O00070,C0393,2024-04-06,Delivered,"4393 Rhodes Key, Nunezberg, AL 79551",2024-04-15,347.88,Standard
O00071,C0488,2024-11-18,Shipped,"0698 Adrian Landing, North Jacob, NV 76981",2024-11-25,399.97,Standard
O00072,C0373,2024-04-14,Delivered,"327 Carol Station, Millerville, LA 81839",2024-04-20,118.8,Express
O00073,C0424,2024-08-01,Shipped,"560 Lopez Locks, Brittanystad, AL 10964",2024-08-06,1316.96,Standard
O00074,C0248,2025-04-20,Shipped,"551 Dustin Manor, Lake Laurenside, NY 83056",2025-04-27,161.07,Express
O00075,C0481,2025-01-22,Shipped,"5005 English Circles Suite 387, Cathyborough, AR 08708",2025-01-24,1991.49,Overnight
O00076,C0045,2024-12-20,Cancelled,"08346 Mark Junctions, Nelsonburgh, OK 88380",2024-12-21,455.45,Standard
O00077,C0134,2025-06-19,Cancelled,"71460 Nancy Locks Apt. 010, Kelleyfurt, MT 96498",2025-06-23,1023.17,Standard
O00078,C0043,2025-05-03,Delivered,"8885 Jenkins Prairie, Mendezborough, KS 01857",2025-05-07,1444.91,Overnight
O00079,C0252,2023-11-08,Pending,"USNS Cooper, FPO AP 26105",2023-11-12,1422.01,Express
O00080,C0315,2023-10-15,Delivered,"PSC 4228, Box 1915, APO AP 59352",2023-10-17,378.87,Standard
O00081,C0057,2024-11-09,Pending,"226 Hernandez Pike, Terribury, IA 28325",2024-11-12,500.94,Standard
O00082,C0207,2025-07-27,Cancelled,"2802 Williams Valleys Apt. 430, Ryanburgh, NY 64229",2025-07-29,1225.31,Standard
O00083,C0484,2024-12-28,Pending,"3089 James Island Suite 025, Jenniferfurt, CA 07919",2025-01-04,1975.17,Overnight
O00084,C0085,2025-03-03,Cancelled,"27678 Ryan Center Suite 247, Kathleenborough, WY 51212",2025-03-09,438.01,Express
O00085,C0110,2024-04-23,Delivered,"5924 Jessica Turnpike Suite 059, Johnmouth, VA 85291",2024-04-30,1784.5,Express
O00086,C0006,2024-12-12,Pending,"PSC 6072, Box 5114, APO AE 81829",2024-12-22,1831.73,Standard
O00087,C0362,2024-10-25,Delivered,"8310 Anthony Isle Apt. 940, New Jennifer, FL 93498",2024-10-30,478.22,Express
O00088,C0472,2024-10-21,Shipped,"59198 Jose Highway Apt. 024, Whiteburgh, CT 64505",2024-10-24,359.91,Express
O00089,C0299,2023-11-06,Delivered,"581 Stanley Stream Apt. 630, Johnstonburgh, TX 46095",2023-11-15,788.15,Standard
O00090,C0343,2024-05-15,Delivered,"950 Thomas Fall, Lake Christinaview, AL 84900",2024-05-23,1808.89,Standard
O00091,C0470,2025-03-14,Pending,"01013 Jennifer Parkway Suite 892, East Tammyberg, IA 73479",2025-03-18,1276.25,Standard
O00092,C0377,2025-03-06,Pending,"5213 Kim Circle, West Karenburgh, ME 41087",2025-03-16,1699.82,Standard
O00093,C0211,2024-12-31,Cancelled,"95289 Nichole Islands, Michaelburgh, AL 93790",2025-01-03,822.12,Overnight
O00094,C0196,2024-11-14,Shipped,"USNS Richardson, FPO AE 27320",2024-11-16,1105.42,Standard
O00095,C0105,2024-05-18,Pending,"16196 Evans Flats, Fieldsborough, NY 02831",2024-05-21,1367.7,Express
O00096,C0237,2025-02-02,Delivered,"Unit 6534 Box 3560, DPO AA 01332",2025-02-09,1093.79,Express
O00097,C0079,2024-02-25,Delivered,"93242 Stephen Parkway, Gravesfort, MT 73716",2024-02-29,961.83,Standard
O00098,C0039,2024-09-13,Shipped,"3909 Johnson Lake, Port Cynthia, ME 03576",2024-09-20,1965.33,Standard
O00099,C0437,2024-08-31,Pending,"4245 Sheena Trail, Angelafort, NE 19809",2024-09-03,1941.93,Express
O00100,C0446,2025-06-01,Cancelled,"37421 Sanders Parks, Kevinfurt, HI 88884",2025-06-11,1889.35,Standard
O00101,C0081,2024-06-29,Pending,"61211 Mike Mission Apt. 483, North Cynthiatown, NH 18021",2024-06-30,152.19,Express
O00102,C0329,2023-10-10,Shipped,"379 Jones Springs Apt. 472, Michaelburgh, IA 25400",2023-10-14,204.51,Express
O00103,C0137,2023-09-04,Delivered,"3544 Thompson Divide Apt. 259, Carlsonburgh, VT 19331",2023-09-14,1942.7,Standard
O00104,C0092,2024-04-24,Cancelled,"72605 Matthew Falls Apt. 084, Christown, MN 09627",2024-04-26,1698.65,Overnight
O00105,C0132,2024-11-17,Delivered,"05932 Thomas Rue Apt. 878, Paynefurt, TN 45053",2024-11-22,1750.54,Overnight
O00106,C0349,2024-07-11,Pending,"33545 King Terrace Apt. 258, Kevinhaven, AL 95483",2024-07-19,1225.39,Overnight
O00107,C0145,2025-06-24,Pending,"03562 Brown Fall Suite 856, Jonesport, WA 28061",2025-06-27,844.59,Overnight
O00108,C0334,2024-10-05,Cancelled,"9855 Rickey Extension Apt. 413, New Alexander, OK 04728",2024-10-09,151.92,Standard
O00109,C0240,2025-01-03,Delivered,"9706 Lori Trafficway Apt. 026, New Bryanburgh, MS 13690",2025-01-06,145.11,Standard
O00110,C0139,2024-10-26,Shipped,"12622 Hernandez Neck Suite 088, West Alexandria, NC 29194",2024-11-04,1149.03,Express
O00111,C0402,2025-02-01,Shipped,"31013 Cox Loop Apt. 352, Ronaldland, ID 29268",2025-02-08,1316.39,Standard
O00112,C0257,2024-10-26,Cancelled,"390 Hood Island Apt. 272, East Jacquelineville, MO 80067",2024-10-28,1759.12,Express
O00113,C0157,2025-05-19,Pending,"203 Douglas Tunnel, East Kimshire, NY 00720",2025-05-24,827.08,Overnight
O00114,C0062,2023-11-09,Delivered,"939 Mitchell Wells Suite 973, Combsside, KY 67965",2023-11-17,1916.87,Overnight
O00115,C0470,2023-10-07,Shipped,"PSC 3749, Box 7079, APO AA 16697",2023-10-09,1691.89,Standard
O00116,C0172,2025-03-01,Pending,"9745 Amber Shoal Apt. 597, Keithton, GA 96234",2025-03-10,1813.88,Standard
O00117,C0031,2024-07-22,Delivered,"7644 James Lodge Apt. 174, West John, AR 38542",2024-08-01,1766.51,Express
O00118,C0273,2025-04-19,Shipped,"63008 Martin Branch, West Johnmouth, UT 04989",2025-04-29,1751.69,Overnight
O00119,C0158,2024-01-05,Pending,"41423 Robert View, West Larry, MN 68724",2024-01-06,386.53,Overnight
O00120,C0320,2025-03-10,Cancelled,"310 Jason Square, Masonborough, RI 05101",2025-03-12,498.56,Express
O00121,C0421,2024-04-20,Shipped,"43734 Brandy Terrace, Millerstad, LA 23786",2024-04-23,1699.44,Standard
O00122,C0209,2024-04-06,Pending,"03561 Donna Street Apt. 649, Blackwellshire, MS 97934",2024-04-08,293.57,Overnight
O00123,C0312,2024-08-29,Shipped,"1623 Freeman Field Suite 243, Julieside, MS 50093",2024-09-06,1992.7,Express
O00124,C0020,2024-01-13,Pending,"414 Conley Springs, Pamelabury, WV 77252",2024-01-21,1294.84,Standard
O00125,C0372,2023-09-25,Pending,"134 Jason Via, Harperberg, RI 62545",2023-09-28,1078.41,Standard
O00126,C0058,2024-07-08,Cancelled,"833 Miguel Plains, Richardsonville, RI 31604",2024-07-14,1640.88,Overnight
O00127,C0483,2025-01-08,Shipped,"126 Barry Glens Apt. 130, North Danielburgh, VT 80637",2025-01-12,1543.24,Express
O00128,C0165,2023-10-14,Delivered,"5977 Richardson Isle, Rebeccamouth, OK 44295",2023-10-22,1189.36,Standard
O00129,C0306,2025-01-30,Shipped,"051 Rojas Ranch Suite 549, North Jake, SC 24535",2025-01-31,1826.21,Standard
O00130,C0393,2024-10-08,Pending,"2496 Hayley Rue Apt. 321, New Patricia, ID 72755",2024-10-18,1506.71,Express
O00131,C0483,2024-01-11,Delivered,"PSC 7142, Box 8982, APO AP 87532",2024-01-14,1167.99,Standard
O00132,C0398,2024-01-12,Cancelled,"19508 Little Flat, Johnsonton, OR 43049",2024-01-17,1002.81,Standard
O00133,C0260,2024-08-07,Pending,"9346 Carolyn Meadow, Hobbsside, MT 49942",2024-08-11,205.69,Express
O00134,C0169,2023-09-19,Cancelled,"25283 Diaz Course, Michaelside, ID 94694",2023-09-21,1002.71,Express
O00135,C0131,2025-04-18,Cancelled,"46821 Phillips Knoll Apt. 351, Port Eric, DC 70401",2025-04-23,1289.41,Overnight
O00136,C0389,2024-11-08,Cancelled,"802 Hill Stream, Angelamouth, NH 33478",2024-11-16,1527.08,Standard
O00137,C0282,2024-08-21,Pending,"75642 Michael Fields, North Michaelbury, NJ 65659",2024-08-28,1312.52,Express
O00138,C0393,2023-08-31,Shipped,"8640 Phillips Manor, North Carlos, HI 31706",2023-09-08,1786.33,Overnight
O00139,C0062,2025-02-17,Pending,"22777 Jimmy Center Apt. 644, Barnesville, IN 13054",2025-02-23,1200.86,Standard
O00140,C0341,2024-04-08,Shipped,"4128 Kenneth Extensions Apt. 420, Brandyville, CO 79868",2024-04-16,292.09,Express
O00141,C0254,2024-11-10,Pending,"908 Christensen Street, North Michaelfurt, OR 12281",2024-11-11,1722.99,Overnight
O00142,C0045,2025-05-17,Pending,"361 Jose Heights Apt. 103, Angelaview, MN 26384",2025-05-21,282.15,Express
O00143,C0335,2025-03-18,Cancelled,"60115 Scott Landing, Jeffreychester, VT 61840",2025-03-26,489.9,Overnight
O00144,C0039,2025-02-07,Shipped,"894 Wendy Fall Suite 366, New Jeffrey, MD 27845",2025-02-09,1112.01,Express
O00145,C0254,2025-04-25,Cancelled,"011 Morris Ferry Apt. 699, West Rachel, UT 20618",2025-05-05,1773.83,Express
O00146,C0376,2025-03-15,Pending,"092 Edward Curve, Brownville, DE 08500",2025-03-20,442.79,Standard
O00147,C0348,2025-06-29,Pending,"71674 Edwards Road, Lake Kari, NY 38288",2025-07-07,119.88,Express
O00148,C0110,2024-02-12,Delivered,"USNS Mcdaniel, FPO AA 63731",2024-02-18,152.72,Standard
O00149,C0223,2025-01-07,Shipped,"45458 April Turnpike, Morrismouth, MI 55624",2025-01-08,1547.91,Express
O00150,C0030,2023-12-09,Shipped,"0377 Byrd Ridges, New Ryan, MI 21167",2023-12-19,1889.05,Standard
O00151,C0078,2024-12-18,Cancelled,"6471 Sandra Burgs, Dominguezburgh, TX 17729",2024-12-23,1207.47,Standard
O00152,C0255,2023-12-10,Delivered,"PSC 8251, Box 5710, APO AE 28331",2023-12-18,878.16,Standard
O00153,C0138,2025-07-11,Pending,"4634 Charles Route Apt. 780, Fordborough, WV 88604",2025-07-20,850.2,Standard
O00154,C0119,2024-03-29,Cancelled,"834 Hernandez Green, Castanedaview, TN 09276",2024-04-01,1624.0,Express
O00155,C0010,2023-11-06,Cancelled,"8720 Christopher Trafficway Suite 072, Nicolemouth, KY 49430",2023-11-16,1457.34,Overnight
O00156,C0387,2024-02-21,Pending,"983 Stacy Fields, Sarahmouth, CT 78402",2024-02-26,1672.65,Express
O00157,C0228,2024-01-23,Delivered,"8297 Jordan Circles Apt. 042, Emilyside, AL 91210",2024-01-26,1256.63,Overnight
O00158,C0210,2024-12-06,Delivered,"6764 Kevin Falls Apt. 069, New Sherry, ND 11731",2024-12-12,276.04,Overnight
O00159,C0281,2024-06-14,Delivered,"4829 Martinez Extension, North Rebecca, SC 17232",2024-06-17,1010.29,Overnight
O00160,C0021,2023-12-03,Pending,"19872 Key Course Apt. 881, Shellymouth, WI 92006",2023-12-04,1731.21,Standard
O00161,C0242,2025-04-28,Pending,"33493 Velasquez Creek Apt. 748, Comptonshire, WI 67265",2025-05-05,955.07,Express
O00162,C0376,2024-09-29,Delivered,"6802 Karen Ports, Hodgeborough, TN 95972",2024-10-01,1133.51,Overnight
O00163,C0019,2024-01-12,Delivered,"084 West Radial, New Briannahaven, VT 78857",2024-01-19,1841.43,Overnight
O00164,C0485,2024-03-14,Cancelled,"6762 Green Lock Apt. 454, Johnsonberg, TX 06231",2024-03-20,1850.52,Express
O00165,C0427,2025-01-28,Delivered,"580 Moore Squares Suite 897, Patrickhaven, VT 71057",2025-01-31,985.75,Overnight
O00166,C0241,2025-04-30,Delivered,"863 Julia Cove Suite 451, Hesstown, NE 87967",2025-05-10,231.95,Overnight
O00167,C0500,2025-07-18,Delivered,"942 Paul Shoal, Michaelstad, LA 14637",2025-07-23,1471.05,Standard
O00168,C0122,2024-10-24,Pending,"17644 John Lock Suite 746, Julieview, ID 58211",2024-10-26,1311.82,Express
O00169,C0050,2025-05-23,Pending,"3891 Theresa Parkway, East Amandatown, DC 81461",2025-05-25,1498.95,Standard
O00170,C0493,2024-06-22,Shipped,"003 Jamie Gateway Apt. 774, Mannville, VA 78381",2024-06-27,430.34,Express
O00171,C0459,2024-11-24,Delivered,"7344 Alyssa Land, Port Angela, UT 49952",2024-12-02,358.44,Overnight
O00172,C0344,2025-04-27,Cancelled,"057 Leah Crossroad, North Crystal, MI 57076",2025-04-29,1771.34,Standard
O00173,C0209,2024-07-30,Shipped,"53947 Timothy Greens Suite 863, Lake Stephanie, NY 87284",2024-08-05,1358.8,Overnight
O00174,C0200,2024-10-09,Pending,"63529 Valenzuela Neck, Wandaville, ND 91595",2024-10-15,363.84,Standard
O00175,C0180,2023-12-04,Shipped,"80026 Taylor Turnpike, Port Christian, NV 24790",2023-12-10,599.71,Overnight
O00176,C0230,2025-01-31,Delivered,"Unit 2106 Box 2034, DPO AP 01273",2025-02-06,238.48,Overnight
O00177,C0458,2025-03-25,Cancelled,"434 Maria Brooks, Websterbury, KS 82079",2025-04-03,1580.67,Standard
O00178,C0407,2025-07-26,Cancelled,"728 George Square Suite 988, Waynestad, AL 87145",2025-07-27,1372.85,Standard
O00179,C0018,2025-06-15,Cancelled,"9450 Kelly Shore, Owenstad, CT 18759",2025-06-16,1521.54,Overnight
O00180,C0295,2024-04-17,Shipped,"Unit 4592 Box 0011, DPO AE 41039",2024-04-25,1810.9,Express
O00181,C0244,2024-09-14,Pending,"PSC 7765, Box 2259, APO AE 83065",2024-09-15,1979.89,Overnight
O00182,C0164,2025-01-06,Delivered,"45032 Wong Landing, North Markside, CO 83980",2025-01-08,735.11,Standard
O00183,C0328,2024-02-12,Delivered,"8706 Suzanne Mountain, Jonesshire, HI 32327",2024-02-16,139.79,Overnight
O00184,C0157,2024-01-09,Pending,"198 Smith Road, East Davidburgh, NC 98795",2024-01-17,1604.93,Overnight
O00185,C0368,2024-05-16,Cancelled,"9464 Bell Tunnel, North Nicholasstad, HI 86558",2024-05-24,1078.57,Express
O00186,C0477,2024-04-11,Delivered,"790 David Fork, Angelaside, SD 57472",2024-04-18,235.77,Express
O00187,C0498,2025-07-11,Shipped,"300 Simon Mount, Perrybury, NY 98985",2025-07-20,981.36,Standard
O00188,C0138,2023-11-03,Delivered,"45773 Phillips Glens Apt. 845, West Aprilmouth, FL 97699",2023-11-11,850.22,Express
O00189,C0032,2025-02-21,Delivered,"69179 Jenkins Tunnel Apt. 477, Carsonfort, ME 40954",2025-02-24,252.91,Standard
O00190,C0118,2025-03-22,Cancelled,"4939 Sexton Wall Suite 537, Barrettburgh, NC 69281",2025-03-29,630.93,Express
O00191,C0200,2023-11-09,Shipped,"04731 Nichols Wells Apt. 638, New Robertfort, LA 49028",2023-11-11,1886.04,Standard
O00192,C0437,2024-03-25,Cancelled,"8951 Jennifer Circle, Warrenburgh, CO 92846",2024-04-03,1120.9,Overnight
O00193,C0272,2024-12-16,Pending,"983 Cindy Harbor Apt. 449, Bradshawtown, MA 07469",2024-12-25,816.83,Overnight
O00194,C0252,2024-11-20,Pending,"33428 Diane Throughway Suite 055, Palmertown, VT 06902",2024-11-21,1289.52,Overnight
O00195,C0237,2024-10-28,Cancelled,"4275 James Village, New Ryanfort, CA 07297",2024-11-01,190.38,Standard
O00196,C0306,2023-11-02,Delivered,"97732 Lewis Throughway Suite 734, Frankmouth, WA 44993",2023-11-03,424.7,Express
O00197,C0261,2024-01-11,Pending,"544 Small Stravenue Apt. 006, Millerside, MO 43411",2024-01-18,1269.15,Overnight
O00198,C0356,2025-01-21,Shipped,"65128 Robles Lake, Louisside, IL 04956",2025-01-24,1472.43,Express
O00199,C0222,2023-10-02,Cancelled,"7090 Perry Loaf Suite 661, Port Christopherville, AK 80197",2023-10-05,1248.48,Standard
O00200,C0006,2023-09-27,Cancelled,"PSC 8877, Box 2731, APO AA 18984",2023-09-30,420.8,Overnight
O00201,C0043,2025-08-05,Delivered,"PSC 1951, Box 0608, APO AA 57039",2025-08-13,1880.58,Express
O00202,C0147,2024-12-08,Shipped,"697 Hernandez Forks, Jenniferland, SC 94810",2024-12-18,1820.43,Standard
O00203,C0470,2023-11-15,Delivered,"34343 Tara Villages, Walshburgh, FL 39450",2023-11-20,888.65,Overnight
O00204,C0089,2023-10-22,Pending,"93352 Thomas Junction Apt. 184, Zoeberg, AL 07957",2023-10-31,547.3,Standard
O00205,C0303,2024-01-22,Pending,"445 Adams Meadows, North Zacharybury, SD 89401",2024-01-29,539.96,Standard
O00206,C0344,2023-09-20,Pending,"632 Christopher Viaduct, Carrollstad, TN 04459",2023-09-28,596.99,Standard
O00207,C0194,2024-01-18,Pending,"43303 Blake Freeway Suite 786, Benjaminfort, KS 69853",2024-01-20,252.47,Standard
O00208,C0086,2024-05-26,Cancelled,"PSC 0010, Box 3901, APO AP 04823",2024-05-28,183.8,Overnight
O00209,C0219,2024-08-02,Pending,"Unit 2199 Box 6504, DPO AP 91377",2024-08-10,274.49,Express
O00210,C0012,2025-03-31,Delivered,"12645 Kenneth Village Suite 876, Karibury, IA 82804",2025-04-06,585.92,Overnight
O00211,C0085,2025-02-24,Pending,"438 Miller Common, Joshuaville, OH 17230",2025-02-28,783.15,Standard
O00212,C0433,2024-04-13,Shipped,"58878 Alan Path Apt. 979, East Keith, CT 67979",2024-04-19,1403.09,Standard
O00213,C0158,2024-06-08,Shipped,"487 Barker Expressway Apt. 518, Guerrachester, KS 89332",2024-06-15,394.58,Overnight
O00214,C0495,2025-04-16,Pending,"2219 Garza Field, Port Jeanfort, VA 59464",2025-04-18,332.51,Overnight
O00215,C0418,2025-07-28,Pending,"1637 Taylor Courts, West Lisaville, WY 45517",2025-08-02,1445.05,Express
O00216,C0279,2023-11-20,Delivered,"77828 Danny Gateway, New Deanborough, IA 84891",2023-11-28,1886.33,Overnight
O00217,C0257,2024-01-23,Shipped,"420 Williams Greens, Boydborough, WI 73316",2024-01-25,613.77,Overnight
O00218,C0048,2024-11-28,Pending,"0673 Elizabeth Corners, North Robert, NH 78005",2024-12-04,201.99,Express
O00219,C0477,2023-08-25,Cancelled,"19090 Brooke Points, Matthewbury, AK 74854",2023-08-30,1189.44,Express
O00220,C0256,2023-10-26,Shipped,"74035 Deanna Freeway Suite 109, New Sarah, NC 31994",2023-11-02,338.92,Express
O00221,C0303,2025-04-26,Delivered,"034 Floyd Isle, Justinbury, OK 95224",2025-05-01,1782.55,Standard
O00222,C0160,2024-03-12,Delivered,"3453 Morris Corner, West Allisonland, WI 29339",2024-03-21,750.26,Standard
O00223,C0348,2024-01-04,Cancelled,"307 Miller Highway, Mercadoside, NJ 50493",2024-01-10,1196.89,Standard
O00224,C0340,2025-06-11,Cancelled,"Unit 0345 Box 4470, DPO AE 06130",2025-06-20,947.93,Overnight
O00225,C0216,2023-11-12,Delivered,"784 Kenneth Walk Apt. 410, Valenzuelahaven, MT 95767",2023-11-19,624.15,Standard
O00226,C0043,2023-12-20,Shipped,"9937 Allen Gateway Suite 606, New Philipborough, PA 31484",2023-12-28,336.25,Overnight
O00227,C0297,2025-02-04,Pending,"870 Rodney Mountains, Lake Amymouth, NJ 88377",2025-02-12,381.07,Express
O00228,C0232,2024-04-09,Delivered,"43021 Perez Views Apt. 362, Susanland, OH 48235",2024-04-11,1164.83,Express
O00229,C0293,2025-02-24,Delivered,"89294 Haley Vista Suite 220, Lake Adam, KS 93256",2025-03-06,808.25,Overnight
O00230,C0274,2024-11-05,Pending,"4795 Ramsey Harbor, Catherineside, SC 66636",2024-11-13,1271.05,Overnight
O00231,C0282,2023-11-05,Cancelled,"5338 Thomas Way Suite 111, New Annette, CT 15360",2023-11-12,1697.92,Standard
O00232,C0401,2024-03-23,Delivered,"28099 Alejandro Wall, Lake John, OR 59812",2024-03-31,736.42,Standard
O00233,C0471,2025-07-01,Shipped,"6539 Huerta Stream Apt. 343, West Kathleen, PA 42364",2025-07-08,1224.46,Standard
O00234,C0187,2023-09-27,Delivered,"83464 Anthony Orchard Suite 075, Pamside, MN 63609",2023-09-29,678.67,Express
O00235,C0499,2023-12-20,Shipped,"927 Sara Ferry Apt. 592, Liuside, DC 68540",2023-12-24,1448.56,Overnight
O00236,C0067,2024-07-03,Cancelled,"0414 David Stravenue Apt. 404, South Shannonshire, RI 89645",2024-07-09,118.42,Express
O00237,C0413,2024-06-11,Pending,"042 John Mountains, Rayborough, NV 23263",2024-06-20,1513.75,Express
O00238,C0197,2024-11-15,Pending,"1145 Franklin Way, Lake Michael, PA 58390",2024-11-18,1204.7,Overnight
O00239,C0082,2023-12-13,Cancelled,"815 Andrew Trail, Austinshire, WY 35019",2023-12-15,1555.92,Overnight
O00240,C0230,2024-06-15,Shipped,"673 Daniels Flat, Rowlandfurt, KY 14728",2024-06-22,921.94,Overnight
O00241,C0137,2024-10-02,Pending,"310 Kent Ville, Cynthiaport, UT 72438",2024-10-08,683.94,Express
O00242,C0288,2024-06-06,Shipped,"511 Hernandez Spurs, West Lori, KY 17068",2024-06-14,614.31,Overnight
O00243,C0087,2023-10-30,Shipped,"246 Eric Causeway Apt. 867, Sandersfort, OH 57731",2023-11-07,743.79,Standard
O00244,C0103,2024-06-21,Shipped,"6304 Elaine Views, Thomashaven, WV 27026",2024-06-24,1126.47,Overnight
O00245,C0371,2024-09-11,Shipped,"588 Davidson Square Suite 552, Port Carolbury, WA 15464",2024-09-16,1174.53,Standard
O00246,C0447,2023-08-20,Shipped,"3213 Amanda Village, Cordovaville, KS 98784",2023-08-28,1254.06,Express
O00247,C0110,2024-06-12,Shipped,"10191 Marcus Estate, Tonyatown, GA 89009",2024-06-17,1361.88,Express
O00248,C0285,2024-06-01,Delivered,"052 Chang Union, Youngmouth, ID 21092",2024-06-04,1989.89,Standard
O00249,C0143,2024-08-30,Shipped,"986 Bird Street, Justinstad, KS 01433",2024-09-01,94.41,Overnight
O00250,C0096,2025-08-02,Delivered,"0274 Terrell Trafficway Suite 494, Lake Vickichester, KY 98825",2025-08-11,284.26,Standard
O00251,C0390,2025-03-24,Shipped,"6920 Rowe Forges, Lake Troy, ME 19266",2025-04-03,47.18,Express
O00252,C0373,2023-08-23,Cancelled,"849 Kelly Roads, Monicabury, MD 63340",2023-08-30,1339.01,Express
O00253,C0198,2025-05-28,Shipped,"PSC 2319, Box 7168, APO AA 95430",2025-05-31,968.34,Overnight
O00254,C0046,2023-12-02,Delivered,"94550 Martin Passage Apt. 737, Lake Laurieland, VA 71834",2023-12-10,779.77,Standard
O00255,C0064,2025-07-29,Delivered,"2647 Ortiz Road, New Michaelshire, ME 75220",2025-08-06,1695.31,Standard
O00256,C0333,2024-11-10,Delivered,"95465 Catherine Spurs, South Williambury, NV 35717",2024-11-11,1196.08,Overnight
O00257,C0411,2024-07-30,Pending,"2271 Carlos Squares Suite 444, South Robert, OR 20257",2024-08-09,1675.18,Overnight
O00258,C0313,2024-02-12,Shipped,"Unit 7283 Box 4398, DPO AA 04628",2024-02-17,1688.63,Overnight
O00259,C0491,2024-05-02,Shipped,"89185 Karen Tunnel Apt. 871, Hughesmouth, WV 77613",2024-05-09,452.43,Express
O00260,C0370,2025-07-31,Cancelled,"45937 Ramos Meadow Suite 595, South Cynthia, MI 51332",2025-08-02,478.42,Express
O00261,C0379,2024-10-31,Cancelled,"07412 Nicole Fall, New Christine, NJ 95482",2024-11-07,1904.93,Standard
O00262,C0100,2023-08-08,Delivered,"969 Torres Village Apt. 767, Ashleyburgh, LA 10309",2023-08-10,1692.57,Express
O00263,C0477,2025-01-19,Shipped,"192 Courtney Haven, West Steven, KY 45275",2025-01-20,959.3,Standard
O00264,C0448,2024-08-14,Delivered,"715 Jamie Loaf, Peckfort, AR 49753",2024-08-23,1765.11,Standard
O00265,C0221,2025-02-27,Delivered,"1982 Jacob Rapids Apt. 877, Kyleborough, MD 58945",2025-03-08,1220.75,Overnight
O00266,C0374,2025-04-18,Delivered,"20136 Terry Burgs, Hernandezfurt, NC 16268",2025-04-23,1981.71,Standard
O00267,C0136,2025-03-26,Pending,"27889 Amanda Greens, New Jennifer, OK 58817",2025-03-28,406.8,Overnight
O00268,C0222,2024-01-30,Pending,"430 Vanessa Grove Apt. 325, West Tiffany, TX 22857",2024-02-04,57.67,Overnight
O00269,C0333,2023-12-01,Pending,"3122 Wilson Summit, Lake Kellyland, NY 99003",2023-12-04,1247.96,Standard
O00270,C0239,2024-09-26,Cancelled,"203 Tran Orchard Suite 031, Johnport, OH 20334",2024-09-28,178.3,Overnight
O00271,C0274,2024-08-07,Delivered,"13706 Spencer Island, Harrismouth, DE 76098",2024-08-12,1853.3,Express
O00272,C0115,2024-09-21,Pending,"176 Ann Place Apt. 315, Jamesfurt, OR 73325",2024-09-27,49.19,Standard
O00273,C0231,2024-07-06,Delivered,"915 Victoria Plaza Suite 961, West Reginabury, SD 84638",2024-07-13,1608.13,Express
O00274,C0062,2024-05-18,Cancelled,"USNS Jordan, FPO AA 04284",2024-05-19,1256.98,Overnight
O00275,C0316,2024-10-14,Delivered,"01308 Cody Garden, Chenberg, AZ 23598",2024-10-18,84.13,Overnight
O00276,C0054,2025-05-27,Cancelled,"87465 Bond Roads, North Joshua, FL 05774",2025-05-28,168.31,Express
O00277,C0406,2024-10-20,Shipped,"0369 Rhodes Valley Apt. 268, South Jaredside, HI 87787",2024-10-21,1427.29,Express
O00278,C0361,2024-05-02,Shipped,"8460 Rodney Fort Apt. 600, East Mitchell, WA 52633",2024-05-03,1998.08,Standard
O00279,C0389,2024-08-14,Cancelled,"74195 Ryan Lake, Valdezland, NM 66311",2024-08-20,946.89,Express
O00280,C0287,2024-11-01,Cancelled,"USS Rodriguez, FPO AP 81901",2024-11-10,1906.72,Standard
O00281,C0423,2025-05-03,Delivered,"43374 Tracy Knoll Apt. 969, Kellyborough, MA 51174",2025-05-12,1656.94,Overnight
O00282,C0389,2024-06-12,Shipped,"4851 Fernandez Brook Suite 653, Lake Alexander, MD 35610",2024-06-14,1337.67,Overnight
O00283,C0206,2024-06-26,Pending,"10748 Martin Islands, Kellymouth, HI 75056",2024-07-05,1737.51,Overnight
O00284,C0472,2025-02-10,Delivered,"8653 Rodriguez Alley Apt. 077, Pearsonborough, PA 41956",2025-02-18,809.04,Overnight
O00285,C0259,2024-03-08,Delivered,"5242 Simon Junctions, Torresport, MA 53553",2024-03-17,1417.2,Standard
O00286,C0059,2024-03-27,Delivered,"610 Ryan Ranch Apt. 905, North Davidmouth, WV 66942",2024-03-31,1102.75,Overnight
O00287,C0037,2024-09-23,Delivered,"233 Stacey Drive Suite 685, Port Michael, HI 79083",2024-09-27,774.67,Standard
O00288,C0100,2025-01-04,Pending,"4439 Spencer Fall Apt. 124, East Sandramouth, NY 96208",2025-01-09,780.0,Standard
O00289,C0085,2024-09-23,Pending,"71673 Jessica Crescent Apt. 287, Bethshire, WI 84201",2024-09-25,1551.29,Standard
O00290,C0338,2023-09-20,Cancelled,"35456 Joan Bridge Apt. 590, Colemanton, OH 48629",2023-09-28,1203.61,Express
O00291,C0067,2024-10-17,Shipped,"592 Arellano Village, South Debbie, NM 46311",2024-10-22,368.73,Standard
O00292,C0060,2024-09-25,Cancelled,"2128 Patricia Forge Suite 913, Lake Gary, MI 45619",2024-10-04,930.36,Express
O00293,C0452,2025-06-28,Cancelled,"87345 Foster Hollow, Lisastad, ME 90502",2025-07-07,756.7,Overnight
O00294,C0282,2023-11-03,Shipped,"106 Morton Cove Suite 345, North Jessica, GA 83065",2023-11-07,541.38,Standard
O00295,C0284,2024-11-30,Delivered,"71494 Ruiz Turnpike, Ellisbury, NC 97113",2024-12-03,1789.95,Overnight
O00296,C0270,2023-11-26,Shipped,"20460 Robin Ranch Apt. 599, Kimberlymouth, GA 83073",2023-12-01,355.33,Standard
O00297,C0087,2024-08-20,Pending,"4029 Priscilla Branch Suite 810, Roweland, NC 22144",2024-08-27,887.3,Overnight
O00298,C0006,2024-04-03,Delivered,"338 Wiley Road, North Stephanieton, IN 48755",2024-04-08,1823.6,Standard
O00299,C0076,2025-07-02,Pending,"7334 Angela Spurs, Lake Samuel, IA 31429",2025-07-03,788.63,Standard
O00300,C0138,2024-03-01,Pending,"344 Kaitlyn Tunnel, Howardfurt, NM 12149",2024-03-09,386.99,Overnight
O00301,C0026,2025-06-19,Shipped,"PSC 7723, Box 5249, APO AA 24982",2025-06-28,1257.05,Express
O00302,C0027,2025-05-11,Cancelled,"405 Christine Ferry, South Alison, VA 11690",2025-05-14,494.07,Overnight
O00303,C0201,2025-03-21,Cancelled,"53018 Miles Circle, East Christopher, NH 53194",2025-03-23,1902.6,Standard
O00304,C0321,2024-04-19,Delivered,"883 Clark Rue, Meganport, IA 96360",2024-04-20,624.19,Standard
O00305,C0034,2024-03-05,Cancelled,"7821 Garcia Walks Apt. 304, Port Isabelburgh, IA 19050",2024-03-14,784.21,Overnight
O00306,C0454,2025-03-25,Delivered,"9659 Ashley Bypass, New Arthurtown, WY 50329",2025-03-30,1438.12,Standard
O00307,C0258,2024-02-17,Cancelled,"0751 Angela Lodge, East Sharon, IN 66626",2024-02-19,1672.84,Overnight
O00308,C0342,2024-10-27,Shipped,"8101 Jasmine Cape, Fletcherstad, DE 08161",2024-10-31,1972.64,Standard
O00309,C0473,2024-12-03,Cancelled,"57660 Fleming Lock Suite 743, New Brandimouth, MS 62677",2024-12-10,1655.11,Express
O00310,C0091,2024-04-03,Shipped,"541 Cisneros Extensions Suite 118, Lake Samuel, MS 35166",2024-04-07,233.65,Standard
O00311,C0102,2024-06-04,Shipped,"306 Denise View, Cooleyton, PA 68649",2024-06-06,936.22,Overnight
O00312,C0312,2024-10-14,Shipped,"500 Rodriguez Throughway Apt. 692, Michellemouth, NJ 86797",2024-10-18,623.05,Overnight
O00313,C0423,2024-09-24,Delivered,"999 Jeffrey Highway, Chandlerland, NV 28019",2024-09-26,214.55,Express
O00314,C0305,2024-10-19,Shipped,"219 Samantha Manors Apt. 730, West Markview, WA 34719",2024-10-25,756.65,Overnight
O00315,C0489,2024-09-11,Delivered,"07558 Campbell Gateway Suite 623, New Brandyborough, RI 15866",2024-09-12,1356.73,Standard
O00316,C0419,2025-02-21,Cancelled,"741 Bond Loop, Shannonhaven, AL 24886",2025-03-03,1950.72,Express
O00317,C0388,2024-11-05,Pending,"56666 Barrett Land Suite 694, Biancafort, AL 94876",2024-11-14,1602.22,Overnight
O00318,C0332,2024-09-08,Delivered,"3562 Taylor Gateway, New Jonhaven, KY 68960",2024-09-14,112.16,Overnight
O00319,C0255,2024-07-26,Shipped,"204 Grimes Highway, Hicksberg, GA 10869",2024-07-30,489.5,Standard
O00320,C0033,2024-11-04,Cancelled,"0932 Wallace Avenue Apt. 797, New Annahaven, OK 50741",2024-11-13,1547.99,Express
O00321,C0222,2025-04-21,Delivered,"7140 Karen Mews Apt. 246, Jacksontown, ID 22117",2025-04-28,138.35,Standard
O00322,C0376,2025-03-06,Shipped,"528 Joel Parkways Suite 453, Hamiltonport, CA 39176",2025-03-07,597.28,Overnight
O00323,C0144,2025-01-29,Cancelled,"80222 Scott Harbor Apt. 497, Weisstown, MO 96929",2025-02-01,1186.35,Standard
O00324,C0453,2025-01-10,Cancelled,"1265 Davis Plaza, South Alexismouth, IL 30912",2025-01-13,454.67,Standard
O00325,C0099,2024-02-11,Cancelled,"709 Misty Causeway Apt. 924, East Loganbury, PA 69310",2024-02-21,888.37,Standard
O00326,C0158,2024-02-02,Cancelled,"8783 Tracy Shoals, Port Danielle, WV 00996",2024-02-04,286.98,Express
O00327,C0358,2024-06-05,Shipped,"0077 Dennis Prairie Suite 915, North Marytown, AR 70323",2024-06-13,1863.5,Standard
O00328,C0283,2024-12-31,Delivered,"6649 Christina Mountains, Torreston, PA 94644",2025-01-01,1425.03,Overnight
O00329,C0018,2024-11-18,Shipped,"414 Mckee Shore Apt. 828, Port Stephanie, UT 96987",2024-11-23,830.41,Overnight
O00330,C0376,2023-09-18,Delivered,"Unit 9021 Box 8726, DPO AP 15636",2023-09-19,1018.84,Standard
O00331,C0059,2025-05-16,Pending,"USS Morris, FPO AA 03699",2025-05-20,1927.48,Express
O00332,C0302,2023-12-11,Shipped,"6358 Pamela Trail Suite 024, East Shawnview, TX 54810",2023-12-15,1891.54,Overnight
O00333,C0018,2024-02-02,Cancelled,"152 Butler Estate, South Christinaview, GA 14373",2024-02-07,926.44,Express
O00334,C0029,2024-08-28,Cancelled,"11562 Melissa Spring Apt. 818, Alyssastad, NY 58757",2024-09-02,1161.61,Overnight
O00335,C0211,2024-03-14,Delivered,"91525 Waters Loaf, New Teresa, WV 29009",2024-03-24,378.51,Standard
O00336,C0296,2025-07-17,Delivered,"794 Hayden Stream, Jenniferchester, IN 06725",2025-07-21,1985.66,Overnight
O00337,C0280,2025-04-18,Shipped,"83981 Derek Springs, Huffmanstad, RI 78202",2025-04-28,264.77,Standard
O00338,C0168,2023-10-24,Pending,"476 Susan Ford Apt. 571, Jesuschester, WV 95087",2023-11-01,1053.15,Express
O00339,C0050,2024-11-03,Cancelled,"64064 Davis Greens Suite 457, Johnsonland, MN 21976",2024-11-13,1544.06,Standard
O00340,C0463,2024-09-29,Shipped,"9085 Kim Via, Williamland, AL 02733",2024-10-08,355.42,Standard
O00341,C0418,2023-09-08,Cancelled,"53196 Mcdaniel Brooks, North Amybury, NM 30341",2023-09-17,1167.9,Overnight
O00342,C0254,2023-12-15,Cancelled,"333 Brittney Mall Apt. 871, Lake Brian, IA 47961",2023-12-24,619.56,Overnight
O00343,C0265,2024-02-11,Delivered,"2311 Monica Grove Suite 286, Justinside, FL 32396",2024-02-15,1564.18,Standard
O00344,C0293,2024-01-24,Delivered,"USNS Mitchell, FPO AA 91118",2024-02-02,494.67,Overnight
O00345,C0320,2024-05-25,Pending,"979 Williams Coves, New Robertmouth, MA 69261",2024-05-26,1663.38,Standard
O00346,C0027,2025-05-07,Cancelled,"9561 Smith Forest Suite 331, South Marcus, AL 73599",2025-05-16,1893.78,Standard
O00347,C0084,2024-04-27,Delivered,"PSC 4679, Box 8179, APO AA 18324",2024-05-03,862.75,Express
O00348,C0361,2025-07-21,Delivered,"00164 Mary Neck, New Nichole, NC 14815",2025-07-25,696.46,Overnight
O00349,C0010,2023-12-24,Shipped,"607 Steve Groves Suite 594, New Monica, CT 40329",2024-01-03,41.52,Standard
O00350,C0389,2024-09-24,Cancelled,"7932 Le Walks, Jonesstad, SD 55674",2024-09-28,1309.23,Overnight
O00351,C0401,2024-06-25,Delivered,"4565 Tina Drive Apt. 385, Nicholasside, NJ 80640",2024-07-05,1844.45,Express
O00352,C0471,2025-04-25,Delivered,"470 Jeremy Road Suite 370, Watersfurt, PA 03339",2025-04-30,790.25,Overnight
O00353,C0213,2024-08-25,Shipped,"433 Kline Plaza Suite 372, Stephenland, OR 87240",2024-09-04,1325.19,Express
O00354,C0424,2025-06-26,Cancelled,"706 Cassandra Meadow Apt. 739, West Kevinburgh, KY 09422",2025-07-01,454.41,Overnight
O00355,C0100,2024-01-08,Pending,"73114 Wiggins Circles Suite 392, Michaelton, MT 73862",2024-01-10,478.31,Express
O00356,C0293,2025-01-08,Cancelled,"094 Tammy Forge Suite 607, New Mary, OR 89928",2025-01-12,1074.84,Overnight
O00357,C0202,2025-02-05,Delivered,"9651 Rangel Summit, West Richardfort, LA 72462",2025-02-10,1063.8,Express
O00358,C0389,2023-11-04,Pending,"267 Allen Manor Apt. 447, North Michael, KY 32172",2023-11-11,1941.96,Overnight
O00359,C0108,2024-07-17,Shipped,"193 Drake Pine, Christinashire, SC 94665",2024-07-18,1041.64,Standard
O00360,C0092,2023-09-04,Shipped,"634 Kathryn Plaza, Lake Tiffanyfurt, NC 04176",2023-09-07,1778.89,Express
O00361,C0405,2024-11-03,Cancelled,"48394 Kevin Shores Apt. 869, Suzanneview, MA 53635",2024-11-13,1659.33,Standard
O00362,C0489,2025-03-13,Delivered,"80680 Jessica Green, New Shawn, WA 64923",2025-03-22,1372.11,Overnight
O00363,C0179,2025-07-25,Cancelled,"59743 Sims Passage, Jamesmouth, OH 11560",2025-07-29,169.46,Overnight
O00364,C0100,2025-01-24,Pending,"392 April Gardens, Williamburgh, MN 59691",2025-02-02,136.27,Standard
O00365,C0080,2023-09-25,Shipped,"7117 Evans Glens, Port Jennifershire, CT 09593",2023-10-02,299.26,Standard
O00366,C0026,2024-02-06,Delivered,"975 Timothy Pike Suite 908, South Lucaston, CA 51640",2024-02-14,1494.5,Standard
O00367,C0289,2024-03-05,Pending,"2939 Rodriguez Street, New Alejandro, KS 51464",2024-03-10,145.72,Express
O00368,C0065,2024-03-21,Pending,"1390 Emily Fords, West David, CT 54760",2024-03-25,1113.03,Standard
O00369,C0167,2025-05-30,Delivered,"164 Kathleen Tunnel, Parrishburgh, WI 60375",2025-06-05,414.98,Overnight
O00370,C0438,2025-01-18,Cancelled,"PSC 4159, Box 5851, APO AE 57596",2025-01-28,1217.8,Overnight
O00371,C0081,2025-01-19,Pending,"96201 Smith Bypass, East Shellyshire, WY 08216",2025-01-29,1223.05,Overnight
O00372,C0185,2025-02-23,Pending,"472 Moore Pike, Virginiafort, VT 21316",2025-03-02,1266.77,Standard
O00373,C0317,2024-09-21,Pending,"564 Carolyn Gardens, Lake Walterview, OH 68463",2024-09-27,848.87,Express
O00374,C0460,2025-02-15,Pending,"8268 Stacie Creek, East Zacharybury, DC 48074",2025-02-16,1098.95,Overnight
O00375,C0368,2024-02-05,Cancelled,"22390 Williamson River, West Isabel, SC 77636",2024-02-06,1636.36,Overnight
O00376,C0477,2024-12-25,Shipped,"348 Kenneth Camp Apt. 238, Bryanton, MT 77607",2024-12-29,1203.2,Overnight
O00377,C0038,2024-09-20,Pending,"1741 Jonathan Divide Suite 123, Riveraborough, LA 51594",2024-09-21,1550.51,Standard
O00378,C0254,2024-12-14,Cancelled,"Unit 3915 Box 2061, DPO AE 98102",2024-12-23,1109.3,Express
O00379,C0287,2025-03-21,Delivered,"381 Norman Fields Suite 094, Hernandezmouth, IL 38127",2025-03-31,1334.24,Express
O00380,C0474,2025-05-08,Delivered,"59983 Edwards Vista Apt. 774, South Davidburgh, TX 20935",2025-05-12,712.51,Standard
O00381,C0001,2024-01-30,Shipped,"0738 Sandoval Loop Suite 173, North Wandachester, NM 71982",2024-02-01,475.69,Overnight
O00382,C0439,2023-08-17,Shipped,"96277 Lopez Cove Apt. 792, Clayfurt, NE 34582",2023-08-22,228.81,Express
O00383,C0488,2024-11-06,Delivered,"233 Michael Parkways Suite 297, West Maria, DE 46831",2024-11-09,890.76,Standard
O00384,C0394,2024-06-17,Delivered,"0370 Hall Glens, South Debra, WA 24315",2024-06-21,1930.72,Standard
O00385,C0372,2025-06-03,Shipped,"087 Aguilar Squares Apt. 468, New Ericside, AZ 51267",2025-06-07,1700.5,Standard
O00386,C0086,2025-08-05,Shipped,"0835 Joshua Place Suite 826, North Brian, HI 59136",2025-08-14,1847.47,Standard
O00387,C0411,2024-06-06,Pending,"3953 Sanders Route, New Timothyborough, MI 73329",2024-06-07,752.75,Express
O00388,C0452,2024-02-04,Pending,"1795 Martin Tunnel Apt. 273, South David, VT 91095",2024-02-09,210.78,Express
O00389,C0168,2025-01-13,Delivered,"Unit 3471 Box 4157, DPO AA 84436",2025-01-21,1883.03,Express
O00390,C0069,2023-11-13,Delivered,"667 Morris Station, Turnertown, OR 10992",2023-11-21,1962.2,Standard
O00391,C0462,2025-07-23,Cancelled,"USNS Cruz, FPO AP 62059",2025-07-31,1761.26,Express
O00392,C0259,2024-03-02,Cancelled,"6861 Samuel Walks Suite 324, Brockville, DE 33712",2024-03-09,1059.84,Overnight
O00393,C0104,2023-08-19,Delivered,"32480 Rachael Canyon Suite 026, East Blake, CT 40927",2023-08-25,1406.7,Express
O00394,C0137,2024-03-10,Pending,"7397 Jennifer Path Apt. 074, Tiffanymouth, DC 23309",2024-03-19,70.31,Standard
O00395,C0350,2025-07-28,Delivered,"984 Gary Point, Port Juanbury, VA 51047",2025-07-29,52.8,Overnight
O00396,C0045,2024-03-20,Cancelled,"86870 Ramirez Ferry Suite 252, Hillport, NE 33851",2024-03-29,427.87,Overnight
O00397,C0405,2025-01-10,Cancelled,"2581 Houston Islands, West Kyle, WI 73376",2025-01-14,524.29,Overnight
O00398,C0043,2024-08-12,Shipped,"593 Stuart Estates Suite 390, Lake Katrinatown, MS 27636",2024-08-14,380.93,Standard
O00399,C0090,2025-01-03,Shipped,"525 Justin Springs, Rosschester, MS 71229",2025-01-07,1430.53,Standard
O00400,C0484,2024-01-04,Shipped,"5095 Chelsea Pines, Jacksonborough, NH 27425",2024-01-07,100.37,Overnight
O00401,C0116,2024-02-14,Shipped,"268 Mark Ramp Apt. 341, Jonesfort, IL 75585",2024-02-15,842.8,Overnight
O00402,C0387,2023-12-06,Cancelled,"6803 Rivera Bridge, South Christine, CT 12291",2023-12-14,826.88,Standard
O00403,C0479,2024-09-14,Delivered,"76048 Miranda Burgs Suite 831, Port Zachary, PA 62558",2024-09-24,243.88,Standard
O00404,C0304,2024-02-09,Cancelled,"0218 Watson Spurs Suite 173, Brendanborough, SC 85776",2024-02-13,1144.93,Overnight
O00405,C0450,2025-01-10,Delivered,"99697 Marissa Rest, New Meganfort, MD 03181",2025-01-11,1180.77,Standard
O00406,C0101,2025-06-16,Delivered,"4675 Samantha Shore, Livingstonport, SC 18734",2025-06-18,66.13,Express
O00407,C0483,2025-02-23,Shipped,"3250 Veronica Heights Apt. 180, Mullinsshire, AR 72662",2025-02-28,1365.75,Standard
O00408,C0063,2024-04-21,Delivered,"343 Scott Corner, Port Mary, VT 40430",2024-04-25,930.18,Overnight
O00409,C0172,2023-08-25,Delivered,"732 Cathy Landing, West Lindsay, MT 20129",2023-09-03,1144.13,Express
O00410,C0359,2023-10-30,Cancelled,"62119 Daniel Corners Apt. 173, Rojasstad, IA 20436",2023-11-01,32.23,Standard
O00411,C0142,2025-02-28,Cancelled,"16577 Long Route Suite 693, Lake Terri, PA 46514",2025-03-06,1192.1,Standard
O00412,C0276,2024-12-25,Cancelled,"9708 Robin Path, Banksberg, IN 65659",2024-12-30,1795.51,Standard
O00413,C0034,2024-08-03,Cancelled,"USCGC Allen, FPO AA 56126",2024-08-13,1816.49,Standard
O00414,C0089,2023-12-12,Pending,"32460 Natasha Villages Apt. 410, West Kimport, TX 54927",2023-12-18,1478.51,Overnight
O00415,C0308,2024-04-27,Shipped,"1837 Alvarez Junctions, Port Greg, OR 80914",2024-05-01,884.2,Standard
O00416,C0007,2024-10-29,Delivered,"440 Hardin Parkway, South Zachary, IL 83443",2024-10-31,407.1,Express
O00417,C0284,2023-12-17,Shipped,"4197 Bryan Union Suite 135, Zacharychester, ND 14248",2023-12-21,1797.78,Overnight
O00418,C0245,2024-10-17,Delivered,"1271 Martinez Rue Suite 222, Sandersside, NC 72029",2024-10-21,1272.68,Standard
O00419,C0200,2025-06-17,Delivered,"9939 Maurice Meadow Apt. 006, North Katherine, VA 96286",2025-06-26,1697.17,Express
O00420,C0494,2023-08-22,Shipped,"3484 Sparks Ports, East Barryborough, NE 25118",2023-08-24,500.56,Standard
O00421,C0344,2024-11-20,Cancelled,"150 Eric Oval, East Coreybury, LA 79879",2024-11-30,729.25,Express
O00422,C0015,2024-08-20,Shipped,"919 Welch Street Apt. 051, Scottmouth, WV 69892",2024-08-30,998.14,Express
O00423,C0192,2025-04-07,Delivered,"312 Michele Springs, Port Monicabury, NC 85138",2025-04-08,1484.11,Standard
O00424,C0340,2023-12-23,Shipped,"009 Reyes Trace Apt. 788, Madisonmouth, VA 57381",2024-01-01,547.6,Express
O00425,C0411,2025-05-29,Pending,"768 Jay Mountains, Loriburgh, UT 78586",2025-05-31,1961.44,Overnight
O00426,C0138,2025-06-05,Pending,"398 Matthew Pine Apt. 158, Daniellechester, CA 98728",2025-06-14,1215.65,Express
O00427,C0113,2024-04-09,Shipped,"380 Stewart Trail Suite 176, Port Ryan, AL 77513",2024-04-13,206.1,Standard
O00428,C0166,2024-03-28,Cancelled,"419 Mclaughlin Gardens Suite 051, South Christina, NH 57833",2024-03-31,1367.62,Overnight
O00429,C0297,2024-12-25,Cancelled,"33417 Carter Square, North Jonathanberg, CO 37749",2024-12-31,1765.96,Overnight
O00430,C0107,2025-03-03,Delivered,"691 Angela Plaza Suite 967, Kirbyland, FL 33739",2025-03-07,1704.27,Standard
O00431,C0013,2024-01-14,Delivered,"064 Jennifer Lodge, Christopherburgh, AL 17538",2024-01-18,1614.61,Express
O00432,C0055,2024-01-25,Pending,"86466 Margaret Motorway Suite 418, Port Peter, IL 86924",2024-01-31,323.63,Standard
O00433,C0151,2024-03-19,Cancelled,"50246 Michael Court, Branchhaven, DE 24713",2024-03-24,1281.35,Standard
O00434,C0255,2024-11-16,Cancelled,"17850 Chad Loaf Suite 213, New Sean, AL 92645",2024-11-17,724.84,Overnight
O00435,C0181,2024-09-14,Pending,"26348 Amy Isle, Port Alison, LA 74802",2024-09-23,1697.33,Express
O00436,C0018,2024-02-21,Delivered,"75431 Shelby Mall, Krausebury, CT 58185",2024-02-29,734.84,Standard
O00437,C0052,2024-04-25,Shipped,"41998 Walter Rest, Fischerstad, KS 99765",2024-04-29,1963.91,Express
O00438,C0354,2024-08-09,Delivered,"111 Mary Overpass Apt. 475, Jenniferstad, KS 26678",2024-08-10,611.89,Express
O00439,C0481,2025-04-20,Delivered,"68945 Alisha Wall Suite 012, New Samanthabury, IA 08572",2025-04-26,1221.82,Standard
O00440,C0446,2024-08-28,Shipped,"92685 Farrell Shore Suite 928, Lake Ernestmouth, MD 98465",2024-09-07,1301.97,Overnight
O00441,C0113,2025-08-04,Shipped,"141 Fitzgerald Parks Apt. 699, Victorland, WA 58081",2025-08-07,1326.31,Standard
O00442,C0066,2024-05-11,Delivered,"21792 Elijah Garden Apt. 268, Angelaside, WV 43000",2024-05-17,574.77,Overnight
O00443,C0333,2025-04-29,Cancelled,"893 Lee Ramp, North Holly, ND 12501",2025-05-06,983.3,Express
O00444,C0492,2024-01-21,Pending,"1189 Sweeney Burg, Porterport, AK 25100",2024-01-23,1401.7,Standard
O00445,C0094,2025-02-09,Pending,"Unit 0351 Box 8278, DPO AP 86670",2025-02-18,1494.15,Standard
O00446,C0304,2024-08-23,Cancelled,"29954 Ryan Circles Apt. 575, Lake Kirk, IL 39959",2024-08-29,838.38,Standard
O00447,C0011,2023-12-14,Cancelled,"9939 Donald Grove, Jacobburgh, MS 32253",2023-12-17,1074.21,Overnight
O00448,C0442,2025-04-18,Cancelled,"649 Martinez Forest, Brightmouth, MN 44530",2025-04-21,1011.91,Standard
O00449,C0135,2025-02-09,Delivered,"45482 Rhonda Station, West Jacqueline, AR 12158",2025-02-14,1377.25,Overnight
O00450,C0057,2025-02-19,Cancelled,"Unit 9323 Box 6577, DPO AE 44548",2025-02-23,1906.84,Express
O00451,C0069,2023-09-30,Pending,"865 Johnny Groves Apt. 059, West Sarah, NJ 61227",2023-10-10,1783.44,Express
O00452,C0342,2024-12-16,Cancelled,"94342 Sarah Fords Apt. 934, East Brittanyberg, MN 79886",2024-12-17,606.14,Standard
O00453,C0379,2023-11-01,Shipped,"PSC 2341, Box 4231, APO AA 93309",2023-11-09,891.63,Express
O00454,C0462,2025-07-14,Shipped,"0313 Delacruz Villages, Hunttown, WA 73132",2025-07-21,544.46,Express
O00455,C0183,2025-03-09,Pending,"529 Gibson Walks Apt. 105, North Tyler, OR 53558",2025-03-13,1613.08,Overnight
O00456,C0407,2024-07-19,Shipped,"5959 Hartman Street Suite 350, Bryceton, TN 67054",2024-07-23,926.6,Overnight
O00457,C0267,2023-10-06,Pending,"5921 Ralph Viaduct Suite 893, Seanstad, MS 63572",2023-10-13,1274.65,Standard
O00458,C0283,2024-06-01,Pending,"75585 Paul Plaza Apt. 689, New Georgebury, NH 66166",2024-06-10,1303.91,Standard
O00459,C0346,2024-04-19,Cancelled,"310 Nancy Locks Suite 943, South Christopherstad, ND 26501",2024-04-23,426.67,Overnight
O00460,C0275,2023-10-31,Shipped,"251 Madden Extensions Apt. 417, Port Crystalton, NV 92889",2023-11-08,1053.72,Standard
O00461,C0133,2024-11-16,Cancelled,"874 Ibarra Springs, North Richard, IA 12883",2024-11-22,1439.52,Express
O00462,C0127,2023-09-29,Shipped,"119 Teresa Ports Apt. 444, East Alex, WI 05028",2023-10-01,157.1,Standard
O00463,C0420,2025-01-10,Delivered,"0596 Pearson Underpass, Gordonchester, IA 50339",2025-01-18,667.08,Standard
O00464,C0253,2023-08-15,Pending,"Unit 3580 Box 0006, DPO AA 60244",2023-08-20,640.9,Overnight
O00465,C0229,2024-06-12,Shipped,"859 Beltran Forest, New Tracyborough, OK 13810",2024-06-16,722.22,Overnight
O00466,C0273,2023-08-12,Pending,"4982 Jarvis Ports Suite 490, Port Michaelhaven, ME 50543",2023-08-21,385.58,Express
O00467,C0267,2024-08-29,Delivered,"78554 Steven Junctions Apt. 305, Danielsville, TX 93559",2024-08-30,1960.62,Overnight
O00468,C0147,2024-01-21,Shipped,"169 Carolyn Mews Suite 832, Port Meganbury, MT 31198",2024-01-28,596.36,Standard
O00469,C0425,2025-03-30,Shipped,"PSC 1586, Box 3405, APO AE 91791",2025-04-09,1761.96,Standard
O00470,C0114,2024-07-30,Shipped,"38791 Harris Pike Suite 833, East Joanna, IA 84961",2024-08-04,815.32,Overnight
O00471,C0204,2023-10-08,Cancelled,"6922 Moody Viaduct, Lisaside, UT 93398",2023-10-09,1790.18,Overnight
O00472,C0292,2024-11-28,Shipped,"86175 Eric Rapid, Port Christopherview, MD 00721",2024-12-08,1531.69,Express
O00473,C0106,2023-09-19,Shipped,"4425 Perez Estates, Mercadostad, ME 53095",2023-09-29,654.49,Overnight
O00474,C0393,2025-06-22,Delivered,"1218 Mary Lodge Suite 031, Joshuamouth, KS 72031",2025-06-26,654.93,Express
O00475,C0370,2023-11-04,Shipped,"USNV Patterson, FPO AE 07776",2023-11-07,873.65,Overnight
O00476,C0353,2025-04-10,Pending,"Unit 2507 Box 0108, DPO AA 47522",2025-04-13,835.07,Overnight
O00477,C0133,2023-11-07,Delivered,"318 Reed Junctions, Jacksonland, SC 18273",2023-11-13,362.69,Express
O00478,C0365,2024-07-01,Cancelled,"23089 Thompson Terrace Apt. 645, South Vickiton, AZ 46821",2024-07-05,1293.1,Standard
O00479,C0290,2024-08-31,Cancelled,"70046 Mccullough Drive Apt. 238, West Michael, NM 43724",2024-09-01,1928.88,Express
O00480,C0123,2023-09-18,Delivered,"28809 Cox Coves Apt. 618, Martinland, ME 36894",2023-09-23,357.05,Overnight
O00481,C0110,2025-04-02,Shipped,"759 Rachael Locks, North Antoniobury, NV 75788",2025-04-04,566.43,Express
O00482,C0358,2024-10-26,Shipped,"6957 Steven Mill Apt. 651, West Victorialand, CA 48995",2024-10-30,1880.27,Overnight
O00483,C0500,2024-08-07,Pending,"077 Chavez Station Suite 702, South Martin, AR 93785",2024-08-14,1616.79,Standard
O00484,C0313,2024-05-26,Shipped,"8572 Roberto Avenue Apt. 331, Mooreborough, NV 38619",2024-05-30,1474.51,Standard
O00485,C0443,2024-05-06,Delivered,"97726 Mitchell Fall, Lopezburgh, SC 78921",2024-05-15,395.16,Overnight
O00486,C0059,2024-04-26,Shipped,"470 Matthew Junction Suite 770, Josephview, MO 17420",2024-05-04,1873.45,Express
O00487,C0166,2024-10-01,Cancelled,"3519 Diaz View, Adamsstad, CO 87419",2024-10-08,1617.36,Express
O00488,C0027,2024-01-08,Delivered,"38181 Zachary Mountains, South Chadside, WV 99190",2024-01-14,136.49,Standard
O00489,C0291,2025-05-20,Shipped,"182 Angela Bridge, Tinastad, OK 69117",2025-05-23,1015.74,Standard
O00490,C0323,2024-03-24,Delivered,"94231 Dylan Passage, Calderonhaven, DC 16829",2024-04-01,753.32,Overnight
O00491,C0207,2025-02-07,Cancelled,"63673 George Forks, Anthonybury, DC 59013",2025-02-09,1220.69,Express
O00492,C0306,2024-11-28,Pending,"712 Gonzalez Crest Suite 992, South Michael, IA 87014",2024-12-03,1242.3,Standard
O00493,C0425,2024-05-24,Delivered,"3563 Megan Inlet, East Kristi, VA 27084",2024-05-31,1880.44,Standard
O00494,C0199,2024-12-30,Shipped,"8496 Anthony Creek, Bryantbury, WA 44559",2025-01-08,284.01,Overnight
O00495,C0251,2023-10-16,Cancelled,"Unit 1320 Box 2257, DPO AE 25593",2023-10-19,1216.64,Overnight
O00496,C0120,2024-04-29,Delivered,"7421 Joseph Forest, Christopherberg, AK 14533",2024-04-30,403.46,Overnight
O00497,C0199,2025-01-16,Cancelled,"458 Prince Hollow, Rollinsstad, IA 10486",2025-01-20,775.92,Express
O00498,C0482,2024-03-02,Cancelled,"382 Fisher Fall, North Jacqueline, VA 95441",2024-03-04,402.24,Overnight
O00499,C0352,2025-03-18,Cancelled,"52077 Charles Islands, Ryanside, DE 48358",2025-03-23,1452.19,Express
O00500,C0331,2023-08-20,Delivered,"4764 Gary Flats Suite 462, Perryside, AZ 53160",2023-08-27,66.94,Standard
O00501,C0380,2025-04-07,Delivered,"933 Johnson Crossing, Hawkinsmouth, MS 66100",2025-04-12,1817.57,Standard
O00502,C0437,2024-11-17,Delivered,"989 Steven Mountain Apt. 547, Perrystad, IN 97736",2024-11-21,923.95,Express
O00503,C0033,2024-09-08,Delivered,"594 Julian View, East Brendamouth, MN 97765",2024-09-17,1474.4,Standard
O00504,C0140,2023-10-29,Delivered,"494 Frank Ramp, Port Ruben, CO 47616",2023-11-02,299.78,Standard
O00505,C0260,2024-12-25,Delivered,"674 Wright Glens, Lake Stephaniechester, WV 74478",2024-12-28,461.15,Express
O00506,C0238,2023-10-15,Pending,"8049 Andrew Mall Apt. 058, Port Andrew, SC 32324",2023-10-22,1983.93,Overnight
O00507,C0228,2025-07-15,Cancelled,"63583 Andrew Manors Suite 920, Tonitown, LA 53842",2025-07-22,766.5,Standard
O00508,C0474,2025-06-25,Delivered,"055 Russell Gateway Apt. 910, Stevenbury, NY 42819",2025-06-30,487.44,Standard
O00509,C0316,2024-03-17,Pending,"0135 Brandon Light, Sextonmouth, ME 15771",2024-03-27,1126.83,Standard
O00510,C0094,2025-07-27,Delivered,"92685 Mike Viaduct, Morenoville, OH 74597",2025-08-01,932.39,Standard
O00511,C0097,2023-10-15,Cancelled,"7675 Stephanie Union, Hardytown, CT 68728",2023-10-19,946.53,Standard
O00512,C0379,2025-06-23,Delivered,"86393 Jimenez Junctions, Port Martinborough, NV 52455",2025-06-30,1278.2,Standard
O00513,C0038,2024-11-08,Delivered,"0678 Hartman Prairie, Nguyenfurt, OR 02859",2024-11-13,1165.37,Overnight
O00514,C0040,2024-09-17,Cancelled,"77344 Mason Lakes Apt. 756, Olsonmouth, GA 01004",2024-09-25,1548.5,Overnight
O00515,C0315,2025-07-14,Cancelled,"97895 Willis Shores, New Shawn, HI 13885",2025-07-17,50.88,Standard
O00516,C0078,2024-07-10,Shipped,"5128 George Passage Apt. 653, New Caitlin, VT 77210",2024-07-13,1164.46,Express
O00517,C0471,2024-06-07,Pending,"87956 Michael Coves, North Frank, OK 07262",2024-06-08,309.6,Express
O00518,C0211,2023-08-21,Delivered,"9461 Sarah Inlet Suite 176, Ellismouth, GA 36122",2023-08-23,1086.5,Overnight
O00519,C0326,2025-01-21,Delivered,"9540 Jonathan Forge, Allenberg, AR 53946",2025-01-31,1324.75,Overnight
O00520,C0129,2024-06-09,Cancelled,"7881 Whitney Fort, North Pamland, IA 37564",2024-06-10,49.79,Standard
O00521,C0437,2024-10-27,Cancelled,"021 Donald Crossroad, Lake Allison, PA 34699",2024-10-28,439.48,Standard
O00522,C0287,2023-10-08,Shipped,"0973 Melendez Point Apt. 038, Chapmanport, IA 96130",2023-10-15,309.81,Overnight
O00523,C0058,2023-09-05,Shipped,"Unit 4600 Box 9473, DPO AE 39759",2023-09-14,1033.36,Overnight
O00524,C0014,2025-01-05,Delivered,"7246 Mcdowell Ridge Apt. 211, North Timothy, KY 46780",2025-01-10,64.48,Overnight
O00525,C0365,2024-11-13,Cancelled,"780 Middleton Views, Bowenmouth, MS 02364",2024-11-14,363.66,Overnight
O00526,C0011,2025-06-10,Cancelled,"867 Robin Locks Suite 625, New Theresa, PA 90321",2025-06-20,1265.33,Overnight
O00527,C0145,2024-09-11,Shipped,"05001 White Radial, Moralesbury, KY 88789",2024-09-18,1104.16,Express
O00528,C0009,2023-12-04,Shipped,"9628 Ryan Roads Suite 867, New Richardton, AR 04398",2023-12-09,446.45,Standard
O00529,C0087,2024-10-12,Shipped,"257 Velez Oval, Mendozafort, FL 17350",2024-10-19,268.58,Express
O00530,C0438,2025-06-27,Delivered,"USCGC Thomas, FPO AE 97029",2025-07-07,516.4,Overnight
O00531,C0057,2024-05-04,Delivered,"9010 Stephanie Village, Campbellhaven, MN 85437",2024-05-05,182.88,Standard
O00532,C0303,2023-08-15,Cancelled,"Unit 7489 Box 1188, DPO AP 55183",2023-08-18,1738.29,Standard
O00533,C0217,2024-06-01,Cancelled,"8549 Tina Mission Suite 471, New Jason, MA 47552",2024-06-03,698.84,Express
O00534,C0096,2024-08-31,Shipped,"77527 Richard Ranch, Robertfort, OH 73637",2024-09-08,224.23,Standard
O00535,C0112,2023-12-12,Delivered,"1103 Angela Path Suite 414, West Linda, WA 85072",2023-12-18,1034.01,Express
O00536,C0258,2025-03-25,Shipped,"139 Teresa Forge Apt. 257, Andrewburgh, DE 81971",2025-04-03,1969.56,Overnight
O00537,C0291,2024-03-22,Delivered,"2808 Morgan Dam, Kellybury, CT 39182",2024-03-27,497.14,Express
O00538,C0439,2025-07-04,Delivered,"75369 Steele Bridge Suite 171, Patriciastad, CT 17658",2025-07-07,1887.76,Express
O00539,C0418,2024-09-15,Delivered,"723 Christopher Crest, South Calebburgh, ND 36927",2024-09-21,268.39,Overnight
O00540,C0072,2023-12-17,Delivered,"5866 Patrick Track Suite 241, Morrisside, TN 71316",2023-12-21,651.33,Overnight
O00541,C0490,2023-09-09,Cancelled,"Unit 3957 Box 0139, DPO AE 75631",2023-09-16,692.56,Standard
O00542,C0440,2024-04-24,Shipped,"Unit 7805 Box 9776, DPO AA 82807",2024-04-26,1220.94,Overnight
O00543,C0153,2025-02-28,Cancelled,"2899 Victor Corner Suite 433, Jeffreymouth, MI 52126",2025-03-04,514.26,Express
O00544,C0055,2024-07-16,Shipped,"61847 Rebecca Mall Suite 454, Danielshire, HI 85717",2024-07-18,1314.56,Overnight
O00545,C0344,2024-08-26,Pending,"19698 Maria Course, Caitlinton, DC 18053",2024-08-29,1945.84,Overnight
O00546,C0221,2025-04-28,Shipped,"287 Chaney Green, Karenstad, AL 73890",2025-05-08,1504.23,Standard
O00547,C0141,2024-03-24,Delivered,"046 Beard Valley Suite 859, Tiffanyborough, KY 62423",2024-04-03,725.88,Overnight
O00548,C0400,2024-04-20,Pending,"2566 Johnson Springs, North Kristymouth, TX 60523",2024-04-29,1307.9,Overnight
O00549,C0297,2025-01-11,Shipped,"0357 Robert Haven Apt. 062, Roseport, UT 27053",2025-01-13,997.23,Express
O00550,C0198,2024-06-30,Shipped,"458 Zachary Burg, Berryberg, RI 81612",2024-07-05,404.67,Standard
O00551,C0360,2025-03-29,Shipped,"8262 Townsend Common, Powersstad, RI 39681",2025-04-05,41.05,Standard
O00552,C0127,2024-04-09,Delivered,"670 Green Corner Suite 762, Carlosstad, IL 59419",2024-04-10,499.87,Express
O00553,C0183,2025-07-26,Shipped,"11940 John Wells, Bergmouth, AR 78209",2025-07-31,1963.59,Overnight
O00554,C0037,2024-08-19,Delivered,"742 Cathy Point Apt. 427, Riosview, NY 62217",2024-08-27,111.76,Express
O00555,C0092,2024-01-26,Delivered,"8095 Gill Plain Suite 837, East Stephen, DC 68871",2024-02-04,1213.81,Overnight
O00556,C0386,2025-02-14,Pending,"USNS Freeman, FPO AA 59478",2025-02-18,1765.28,Overnight
O00557,C0437,2025-02-19,Pending,"150 Jessica Isle Suite 310, Joshuaport, OH 50485",2025-02-22,874.21,Overnight
O00558,C0174,2024-08-30,Delivered,"955 William Knolls, West Jeremy, VT 02872",2024-09-08,375.45,Standard
O00559,C0076,2024-01-15,Shipped,"98764 Richard Trafficway Suite 980, North Pamela, TN 16825",2024-01-25,1665.33,Express
O00560,C0178,2025-05-03,Cancelled,"059 Klein Courts Suite 285, Jayborough, WI 02127",2025-05-04,1376.69,Overnight
O00561,C0317,2025-04-13,Pending,"60518 Linda Creek, Jonesbury, ID 21752",2025-04-14,474.86,Express
O00562,C0097,2023-12-19,Cancelled,"52839 Hebert Village Suite 483, Fuentesshire, NV 07686",2023-12-28,915.11,Express
O00563,C0397,2024-03-15,Shipped,"64305 Ali Circles Suite 681, Damonton, ME 41809",2024-03-24,708.54,Express
O00564,C0078,2025-04-03,Cancelled,"89844 Johnson Springs Apt. 943, Port Cynthia, KS 08950",2025-04-13,1274.96,Express
O00565,C0243,2024-08-01,Pending,"689 Whitaker Creek, Port Terrifort, AZ 39792",2024-08-09,314.9,Express
O00566,C0405,2023-12-24,Delivered,"242 Acosta Islands, Lake Logan, DE 50287",2024-01-03,1338.35,Standard
O00567,C0165,2024-02-27,Shipped,"6894 Brown Hills Apt. 770, East Elizabeth, TX 90652",2024-02-28,1205.44,Standard
O00568,C0400,2025-01-24,Pending,"2481 Pierce Station, Garciaside, SC 06688",2025-01-25,765.76,Overnight
O00569,C0413,2024-02-13,Pending,"2536 Garrett Branch, Evansborough, WV 66524",2024-02-23,927.68,Standard
O00570,C0012,2024-02-05,Delivered,"USNS Wilson, FPO AE 41179",2024-02-10,1448.85,Overnight
O00571,C0314,2024-10-24,Cancelled,"40862 George Heights, Billyland, NE 42997",2024-11-03,1294.2,Express
O00572,C0349,2024-03-08,Cancelled,"9900 Kenneth Union, Munozbury, WI 30756",2024-03-16,519.61,Express
O00573,C0091,2024-05-08,Delivered,"6908 Burgess Plaza, Sparksview, FL 24765",2024-05-17,421.27,Standard
O00574,C0104,2024-07-28,Shipped,"833 Kathleen Orchard, Mcmillanburgh, AR 96939",2024-07-30,1709.51,Express
O00575,C0088,2023-09-01,Pending,"509 Janet Mill Suite 677, Cummingsborough, IA 61464",2023-09-05,1943.1,Standard
O00576,C0132,2024-09-08,Pending,"4041 Stewart Mountains Suite 718, Chavezmouth, AK 77158",2024-09-17,401.08,Standard
O00577,C0093,2023-10-04,Delivered,"23311 Yoder Roads, South Katherine, VA 54165",2023-10-05,1388.01,Express
O00578,C0485,2025-06-13,Pending,"21528 Natasha Forge Suite 264, South Tylerberg, TX 10571",2025-06-14,1500.29,Express
O00579,C0183,2023-09-19,Shipped,"081 Lopez Village Apt. 521, Robertsontown, NY 16314",2023-09-27,1505.3,Standard
O00580,C0407,2024-03-15,Cancelled,"02337 Troy Isle, Jamesstad, UT 43511",2024-03-19,924.23,Standard
O00581,C0068,2023-12-11,Cancelled,"428 Smith Knolls Suite 844, East Shawn, MD 70090",2023-12-12,1002.16,Standard
O00582,C0451,2023-09-20,Cancelled,"49672 Brandy Path, East Stephanietown, NY 05895",2023-09-23,1655.97,Express
O00583,C0265,2024-10-22,Shipped,"979 Murray Spurs, New Pamelachester, MD 01385",2024-10-30,606.09,Standard
O00584,C0277,2025-02-06,Delivered,"04075 Lee Bridge, East Sarah, AL 23107",2025-02-15,1591.34,Overnight
O00585,C0266,2024-07-15,Shipped,"36521 Elizabeth Hill Apt. 234, Christophermouth, MN 35432",2024-07-25,408.82,Standard
O00586,C0308,2025-05-19,Shipped,"75221 Brittany Ford Suite 338, Patrickland, RI 65754",2025-05-25,1196.33,Standard
O00587,C0457,2024-02-08,Pending,"592 Lambert Skyway Apt. 355, North Anthonymouth, MN 76699",2024-02-14,201.05,Overnight
O00588,C0468,2024-01-20,Cancelled,"7875 Angela Loaf Apt. 916, Tammybury, LA 68350",2024-01-26,491.11,Overnight
O00589,C0277,2024-06-20,Delivered,"353 Martin Corner, Gonzalezville, NM 63163",2024-06-26,1527.19,Express
O00590,C0119,2023-10-25,Shipped,"73482 Parker Spurs, Coffeytown, ID 40826",2023-11-04,706.5,Standard
O00591,C0106,2025-04-03,Shipped,"458 Dylan Parkways Suite 146, Jackbury, GA 20128",2025-04-06,577.44,Express
O00592,C0488,2024-08-05,Pending,"120 Jason Prairie Apt. 386, East Brianhaven, IA 55638",2024-08-11,516.07,Overnight
O00593,C0163,2024-11-23,Delivered,"5093 Steven Coves, Kelliburgh, OK 81724",2024-11-28,1563.32,Express
O00594,C0153,2023-11-06,Shipped,"87286 Harris Throughway Suite 654, Tinaburgh, SD 24202",2023-11-10,630.37,Standard
O00595,C0085,2024-08-04,Shipped,"8828 Samantha Lane, Hickmanfurt, VT 59398",2024-08-07,250.81,Overnight
O00596,C0054,2025-01-07,Cancelled,"634 Anne Well, Port Jerry, MO 77747",2025-01-12,829.93,Standard
O00597,C0023,2025-03-01,Pending,"Unit 9980 Box 7159, DPO AE 86458",2025-03-04,1646.64,Standard
O00598,C0056,2024-09-14,Shipped,"66359 Travis Mill, Josephport, NM 07740",2024-09-18,626.06,Express
O00599,C0360,2024-07-16,Shipped,"6068 Taylor Meadows Suite 586, Wesleystad, VA 49099",2024-07-17,1283.32,Express
O00600,C0337,2024-03-20,Delivered,"6402 Dylan Station Apt. 727, Williamsonfurt, NJ 58499",2024-03-21,295.67,Express
