payment_id,order_id,payment_date,amount,payment_method,status,transaction_id
PMT00001,O00001,2025-03-20,1907.55,Net Banking,Success,4a8e36dc-4b22-4805-99d4-da8a7a157c6c
PMT00002,O00002,2024-07-05,1308.6,Net Banking,Pending,d1acd34d-316f-4b7d-a357-9d5fb66c1462
PMT00003,O00003,2024-10-01,920.6,UPI,Pending,a68eb629-47f3-4f86-aaa8-c29c0444fb7f
PMT00004,O00004,2025-06-28,325.89,Credit Card,Failed,0368309d-029b-4c20-810a-b2b91d6159be
PMT00005,O00005,2024-01-08,1535.25,PayPal,Pending,85ccd131-4c75-4ad7-94d8-99fe45a10eb3
PMT00006,O00006,2023-08-17,1287.44,Net Banking,Failed,c961f08f-e482-45e5-bff7-e81d8aeab7b5
PMT00007,O00007,2025-01-18,90.48,Net Banking,Failed,928df457-428e-41fe-9e0c-ef9781b688fd
PMT00008,O00008,2024-03-02,1514.83,Cash on Delivery,Pending,6f9a94c5-17a7-4d89-82d0-890a8d900be0
PMT00009,O00009,2024-08-25,1593.5,UPI,Pending,fe6d52b5-0805-455a-bf1b-e6b5edc17e28
PMT00010,O00010,2024-03-21,756.11,Cash on Delivery,Failed,e35c5d2d-402d-4fd1-b1c8-58919291bd79
PMT00011,O00011,2024-03-01,131.21,Cash on Delivery,Success,2ab763d1-5101-4037-af74-f680164864f4
PMT00012,O00012,2024-05-23,377.2,Net Banking,Pending,fda305f9-f331-4a5e-8e9b-2fd44f5fd91d
PMT00013,O00013,2024-03-22,680.89,Credit Card,Pending,cbf18efa-c48e-4ace-9bb2-695be5b76088
PMT00014,O00014,2024-02-24,451.84,Cash on Delivery,Success,6b2d5b23-5746-499d-aa12-8a065b950a95
PMT00015,O00015,2024-07-11,745.57,Net Banking,Success,ce22bb57-97f5-4071-a9a5-dfcda4c4c659
PMT00016,O00016,2025-07-15,1598.04,UPI,Success,37027527-e6ef-4de9-b873-ad4aabf25928
PMT00017,O00017,2025-07-08,120.29,Cash on Delivery,Pending,8a872011-0b01-498d-b243-1bab9f7ca04b
PMT00018,O00018,2024-08-04,1774.48,UPI,Failed,4edd5252-e2b2-4627-a2e4-10fbae73b8f4
PMT00019,O00019,2024-09-12,628.79,UPI,Success,c4b0fd0f-f0af-4e13-a519-c12cb7f02e7e
PMT00020,O00020,2024-01-13,1285.08,Cash on Delivery,Pending,8cbbd603-2c56-44bb-a84d-ac62e860a2f1
PMT00021,O00021,2023-11-21,795.7,PayPal,Pending,a5beca5b-c218-4efe-9b8f-cf3907c52bf0
PMT00022,O00022,2024-09-28,1806.89,UPI,Pending,cf1dcf84-899e-430e-8c6f-2214398b09d3
PMT00023,O00023,2023-11-20,695.34,Credit Card,Pending,fa2d4600-cdf3-41bf-a66a-ec208b45218c
PMT00024,O00024,2024-11-20,971.59,Cash on Delivery,Success,49e02317-193a-4e74-bd70-6f947777ca6d
PMT00025,O00025,2023-12-19,1460.21,Net Banking,Pending,03ea99ef-d891-4612-830d-314b5cf461c0
PMT00026,O00026,2025-02-15,1692.15,UPI,Pending,04627bd3-a0e4-48e1-b11d-b7f1528b8c94
PMT00027,O00027,2023-12-09,1723.14,PayPal,Pending,b3958413-a776-4e9c-b9db-35ec7f418a34
PMT00028,O00028,2023-12-24,54.58,Net Banking,Success,6dab39de-b92a-4ab3-bfe4-c3ee2aeff304
PMT00029,O00029,2025-05-12,427.53,Cash on Delivery,Pending,8c420fb3-2306-4a14-85b2-4dcb0eb50909
PMT00030,O00030,2025-06-25,1013.27,PayPal,Success,0680e8ab-84e8-406c-92f8-dd3c84ae1889
PMT00031,O00031,2025-03-21,1148.64,Credit Card,Success,e32a709f-27fd-4112-b2de-7da5fb98ca52
PMT00032,O00032,2023-09-11,502.59,UPI,Success,9d578d7f-e4e6-441a-8496-42a2abe2c35d
PMT00033,O00033,2024-04-15,1853.86,Credit Card,Pending,d72705e5-5753-4475-a3ef-8ab60a1fccad
PMT00034,O00034,2024-05-31,1807.46,UPI,Pending,7946dfa4-e35c-4642-9d10-6fb271ecb99c
PMT00035,O00035,2024-01-24,1895.07,Net Banking,Failed,395f9c40-768e-474f-ab9b-e7b4aaa2092c
PMT00036,O00036,2023-12-24,1648.48,UPI,Pending,64a3c252-0c96-4d23-ad14-9e2f1f4b24c7
PMT00037,O00037,2025-01-02,1463.33,PayPal,Failed,1bad365c-b594-4849-907d-3e7c4358c42d
PMT00038,O00038,2025-05-18,409.92,PayPal,Success,b1964205-835c-480e-8f23-a3360192e631
PMT00039,O00039,2024-11-24,1604.97,Credit Card,Success,ceb2208f-ddcf-423f-af01-5e53d3cc13c5
PMT00040,O00040,2023-12-29,50.44,UPI,Failed,8a569833-f1e0-4fcd-83ee-3bbd72df2536
PMT00041,O00041,2024-11-12,1777.62,PayPal,Failed,31d233dd-5611-41a0-9871-34c3cf0da758
PMT00042,O00042,2025-01-02,1107.71,Credit Card,Pending,a052e5ca-ba1d-44a9-afee-a1a1e1d1bda9
PMT00043,O00043,2023-09-20,498.31,PayPal,Success,4f4793d6-7878-4329-b982-b74d1ed28703
PMT00044,O00044,2025-03-16,608.49,Net Banking,Pending,c65c6be6-02d4-4bd8-9e4a-4ab3e5acdb0f
PMT00045,O00045,2024-05-15,1048.48,Credit Card,Success,dc6b2219-e609-4b0d-8ce1-033862b24e34
PMT00046,O00046,2023-12-02,459.03,Cash on Delivery,Success,2f469db7-3f50-4839-a31c-b9219c3c04a0
PMT00047,O00047,2023-08-31,521.41,UPI,Success,7252a5b0-3eef-4d46-a56a-6ef96fda43d0
PMT00048,O00048,2024-05-08,1627.51,Cash on Delivery,Success,5d5c33bf-12a9-43ab-9b36-3a58345598a2
PMT00049,O00049,2025-01-13,939.62,Cash on Delivery,Pending,de8c1da6-d4bc-4b9c-845b-8d7326f4b9fd
PMT00050,O00050,2024-07-25,344.43,Cash on Delivery,Failed,98a760c6-ff11-467f-a694-cb3b6aee9256
PMT00051,O00051,2025-03-06,1591.48,UPI,Success,1b46538c-bd01-42c8-8811-21a92907306c
PMT00052,O00052,2023-11-23,519.99,UPI,Pending,3700f502-3b8c-4f63-b68b-7c3b66b23c78
PMT00053,O00053,2023-09-10,1959.89,Credit Card,Pending,50def3e6-e1be-4cc6-98af-bdeebf9e80c9
PMT00054,O00054,2025-03-28,478.53,Credit Card,Failed,e4356d90-123d-4c0f-a507-cf8943bd7fc4
PMT00055,O00055,2025-05-20,196.89,Cash on Delivery,Success,b81512d7-7dbe-4aa9-8ef3-0b051579bfa9
PMT00056,O00056,2024-07-14,702.96,Credit Card,Failed,256e3338-3ac1-486a-b584-3a906c502750
PMT00057,O00057,2024-10-24,1876.83,Cash on Delivery,Success,d7596eac-3ca2-4e15-b89e-b1e9c1efd8a5
PMT00058,O00058,2024-05-26,1577.29,Cash on Delivery,Success,588e7692-f959-4ddd-9008-388fb8636928
PMT00059,O00059,2024-10-19,219.16,Cash on Delivery,Pending,4eb083a6-6243-4f7f-a9c0-1bbc207b7506
PMT00060,O00060,2023-10-27,702.88,Net Banking,Success,c77190dc-3cd1-4576-b969-e706a1f94f9b
PMT00061,O00061,2024-09-02,983.03,Credit Card,Pending,2f42b90f-ef99-4d6d-8401-28e25ac80d2b
PMT00062,O00062,2025-02-25,1949.09,Net Banking,Failed,df0d22b2-ff8c-4d6b-b667-4eed13b3cf01
PMT00063,O00063,2023-12-08,170.97,UPI,Pending,8130a066-5ad6-49ad-83e7-a70bda05e06f
PMT00064,O00064,2025-06-13,224.95,Net Banking,Pending,9901001a-62e4-45fc-93b9-ce7c678c6f13
PMT00065,O00065,2024-05-04,216.11,Cash on Delivery,Pending,c387ea6f-b76d-480b-abf5-e7194ed9d4bf
PMT00066,O00066,2024-11-02,992.38,Net Banking,Pending,706e65a4-a924-461c-98a5-e6b09bb26327
PMT00067,O00067,2023-12-25,564.44,UPI,Pending,84dbc1f0-8ef9-4da1-908a-e9caadeeeb5a
PMT00068,O00068,2025-07-31,139.58,UPI,Success,d2a25be3-20f9-44b4-9664-ee063481c7a3
PMT00069,O00069,2023-12-28,902.36,PayPal,Success,3dfca2c6-fc48-4781-be7a-fe1713aa5656
PMT00070,O00070,2024-06-05,490.29,UPI,Pending,329804be-3d96-4794-920a-9ba9469b5efa
PMT00071,O00071,2023-11-18,1868.49,Credit Card,Success,27556ea3-5d3d-4d63-8522-c7323462f5a5
PMT00072,O00072,2024-11-10,1435.24,Net Banking,Success,16b4be19-cce0-4a4e-ae09-40576f40b18b
PMT00073,O00073,2025-01-24,1600.03,Cash on Delivery,Failed,c52905b9-a453-4bf2-9843-919390af7353
PMT00074,O00074,2025-06-08,147.09,Cash on Delivery,Failed,c7f70f62-5639-447e-beee-175e12c1c9bb
PMT00075,O00075,2024-10-10,1992.35,Cash on Delivery,Success,3a98dbb8-6875-4ba7-bdf8-cc7eeaf40410
PMT00076,O00076,2024-08-05,227.82,Net Banking,Success,41a03ed1-dbb7-4317-ae88-d1f801766e83
PMT00077,O00077,2024-10-06,849.31,Cash on Delivery,Failed,ff83d2c6-6e59-48f7-b354-be4e9f7b0b18
PMT00078,O00078,2025-04-26,1182.53,PayPal,Failed,725b0bc5-0732-4974-a9ee-caa794362b80
PMT00079,O00079,2025-04-17,1897.68,PayPal,Pending,8543836c-e634-4953-985a-a1dc87efb536
PMT00080,O00080,2023-09-23,280.29,PayPal,Success,d5d5c00c-5c46-4317-a7cc-801298f57946
PMT00081,O00081,2025-05-31,843.41,Net Banking,Pending,d43ab837-4a89-417a-b19d-76bbe4cd080d
PMT00082,O00082,2023-11-20,1250.76,UPI,Pending,24cb32a3-9493-4587-8ed0-416d92ad6307
PMT00083,O00083,2024-01-30,21.53,Net Banking,Pending,b959fc75-2a32-4aa9-8a62-a9b50f0617c6
PMT00084,O00084,2024-10-15,1047.99,Net Banking,Success,bd416121-6709-4965-943e-3eb6021b36f2
PMT00085,O00085,2024-07-11,359.78,Cash on Delivery,Pending,464e8f2b-8fc1-4ddf-a9f6-42b925bb08ed
PMT00086,O00086,2024-10-24,1704.05,PayPal,Pending,07f1f3a7-6eec-4f95-ab43-0c8e6c1ecb48
PMT00087,O00087,2023-11-08,1553.16,Credit Card,Failed,030aed4c-ec03-4a93-b494-bc7f75f93ce2
PMT00088,O00088,2025-05-08,907.68,Credit Card,Success,ff8186c0-6b59-4dbe-af60-c9452be8024e
PMT00089,O00089,2025-03-01,1684.87,Cash on Delivery,Failed,7e5fe825-a102-45fe-b919-e9f64bdce416
PMT00090,O00090,2023-09-27,33.35,Cash on Delivery,Success,8334f450-0466-4847-ae05-f7d413af1880
PMT00091,O00091,2025-02-21,1617.15,Net Banking,Success,82d829fd-a60e-4bb3-a448-b605f4501561
PMT00092,O00092,2025-05-11,1114.31,UPI,Failed,fda1e8a9-d856-46b2-aa24-b45a2099a546
PMT00093,O00093,2023-11-06,1982.53,Net Banking,Failed,6fefb0d6-494a-49bc-85da-d0e13d7df392
PMT00094,O00094,2025-05-31,166.7,UPI,Failed,b5db035a-a791-47cf-8f27-6b1a150cf5b2
PMT00095,O00095,2024-12-18,321.89,UPI,Failed,5a1da64c-4ff2-45cf-a699-9a88d102ed96
PMT00096,O00096,2024-12-20,1394.29,Credit Card,Pending,bbe96ccc-5d0d-4ca0-911e-4c03c357af2e
PMT00097,O00097,2025-01-01,793.12,Cash on Delivery,Failed,c9693e67-d0a2-46a8-8d24-ae382e137f4d
PMT00098,O00098,2024-03-15,1919.23,Cash on Delivery,Success,783f82d8-9f2f-435a-a222-e6ee755add5b
PMT00099,O00099,2024-09-09,933.69,Cash on Delivery,Pending,3ea8e39f-d039-4d65-97f1-86e53c76c011
PMT00100,O00100,2025-07-12,526.64,UPI,Failed,9551451b-f731-4c02-aefb-6376c8acbc12
PMT00101,O00101,2023-10-07,216.53,PayPal,Success,68550d1e-056d-4337-8af0-fee338ce9e32
PMT00102,O00102,2023-12-03,1314.63,UPI,Failed,2af8e880-2443-4d7f-a4a0-9e16e6d3caaa
PMT00103,O00103,2024-02-12,1651.02,PayPal,Success,c1061bb6-8bb1-42c9-907c-2ccb0ad91065
PMT00104,O00104,2024-06-14,1209.69,Cash on Delivery,Pending,47749754-fd84-4825-ad48-d584d167689d
PMT00105,O00105,2024-03-14,1952.95,Credit Card,Success,ed24de1b-92d1-421a-83c3-dbd87743cecd
PMT00106,O00106,2024-02-27,1393.98,UPI,Success,ff2633d3-6bb7-4e6a-b022-5fa440900585
PMT00107,O00107,2023-11-17,1348.75,UPI,Pending,8d6653c9-1d00-4fc6-88a4-f2c954c516e4
PMT00108,O00108,2025-02-26,686.99,Net Banking,Pending,042bf4b2-2500-406a-a063-09b335a2b4c1
PMT00109,O00109,2023-10-08,1899.72,UPI,Pending,8b563d91-67b4-4b3e-8091-b04aca412b45
PMT00110,O00110,2025-08-06,1557.85,Cash on Delivery,Success,11cd7bed-b30a-4b1d-a6b4-5362a3f00961
PMT00111,O00111,2025-06-04,1950.52,UPI,Failed,129b5b79-e7da-4b4b-9599-a19be991e312
PMT00112,O00112,2024-02-25,1295.48,Net Banking,Success,6711fb61-144f-41de-ab2f-b11466a831e4
PMT00113,O00113,2024-03-10,928.87,UPI,Pending,b13c52ac-4c52-4125-8c5c-e43788bd4882
PMT00114,O00114,2025-03-06,333.62,UPI,Pending,853e5102-8edb-4dbd-8dbb-83fbcdbfbfd5
PMT00115,O00115,2023-10-21,1999.47,Cash on Delivery,Pending,07be07cf-fc00-47e9-8ece-55f18f10a0b4
PMT00116,O00116,2024-08-13,453.16,Net Banking,Pending,89a2b94f-c4db-462c-9761-09b53b1b17d0
PMT00117,O00117,2024-07-07,937.61,Net Banking,Failed,8cfeb627-3292-48ee-b70e-995c3210a579
PMT00118,O00118,2023-10-30,1716.13,Credit Card,Pending,e4f78243-ad04-4aa6-aa19-e66a0b4b4ef5
PMT00119,O00119,2024-12-02,137.76,PayPal,Failed,85f2fe32-a6f1-4ed1-b289-66edb7dcf804
PMT00120,O00120,2023-11-29,1425.0,Credit Card,Failed,85126376-9b66-4e76-b841-3901c4f1477b
PMT00121,O00121,2023-10-07,1452.51,Net Banking,Success,c8214623-f0ac-4a51-b6b6-d75efce07050
PMT00122,O00122,2024-11-12,54.79,PayPal,Failed,6a76cdf8-b9ee-4b19-96e3-24c7062462db
PMT00123,O00123,2023-12-11,1098.67,Net Banking,Pending,2865dbce-e5e2-4a8d-a1a6-427f0a596ce9
PMT00124,O00124,2025-05-11,1109.55,PayPal,Failed,0e47128a-72c3-479d-8917-763aa6965447
PMT00125,O00125,2024-08-06,24.38,Credit Card,Failed,814b6ee2-a649-491c-a948-0e96f4522bba
PMT00126,O00126,2025-02-14,1338.31,PayPal,Failed,1b2ebf00-f664-481f-b9b6-9d16246837fd
PMT00127,O00127,2025-03-08,1970.53,UPI,Pending,320e5365-ffcf-4e97-8811-e17aa50ec0a1
PMT00128,O00128,2024-10-30,1403.86,UPI,Success,7fd7f633-98dc-4ad9-bc47-76ab94f10d7b
PMT00129,O00129,2025-02-14,1860.41,Credit Card,Success,de089acd-2fe9-496f-94fa-8067af739901
PMT00130,O00130,2024-04-21,1585.86,PayPal,Success,cfb3fc21-36ab-4f05-a7c0-bb835f38228a
PMT00131,O00131,2024-05-17,1476.79,Credit Card,Pending,d0303011-582e-40f2-85b0-4560485452a9
PMT00132,O00132,2023-09-18,229.94,Net Banking,Success,3e3ce14d-1f42-4ff3-ae51-e61e855893a8
PMT00133,O00133,2024-09-19,143.71,UPI,Pending,bd3c3730-39a9-46d3-a18b-80aff58ec578
PMT00134,O00134,2025-06-26,1069.49,Net Banking,Failed,a6c0da73-ac79-4fc3-91df-0d6e37ae8c18
PMT00135,O00135,2024-07-07,1910.34,UPI,Success,5a351324-a07f-4ef8-9fa5-c525c54e68c5
PMT00136,O00136,2025-03-16,387.15,PayPal,Pending,bbeed08a-3313-4953-8a44-45147f57c07a
PMT00137,O00137,2024-12-11,612.05,Net Banking,Pending,26c52695-5d6f-4877-b620-3fba77260b97
PMT00138,O00138,2024-07-23,1734.97,Cash on Delivery,Success,2a634ccb-bff2-494d-823b-79cb809f7272
PMT00139,O00139,2025-06-08,81.06,UPI,Success,e0d8e2fb-fed4-4ca0-b040-927a2b37427a
PMT00140,O00140,2024-11-10,901.42,Cash on Delivery,Failed,6f1f7d0e-6cad-43e5-a749-89660531380c
PMT00141,O00141,2024-06-12,711.74,PayPal,Pending,f36ddf29-f6a5-490b-87aa-614c0a7a9bb3
PMT00142,O00142,2023-10-28,1822.27,Net Banking,Pending,30623263-8410-46b9-a523-412078c65edb
PMT00143,O00143,2023-11-09,1961.81,Cash on Delivery,Success,2e1d01c7-80c1-434a-af3b-da3ff705136b
PMT00144,O00144,2024-10-20,1641.87,UPI,Pending,93520b20-0ea6-43ae-9964-0e2dfb014589
PMT00145,O00145,2024-03-29,1006.29,Credit Card,Failed,de5b5ac2-7f46-496c-a0ad-367f8d2f7a2f
PMT00146,O00146,2024-10-28,941.14,UPI,Success,3289d02f-cc08-42e0-a228-71cc7e623b10
PMT00147,O00147,2024-09-03,483.09,PayPal,Success,6ab0c70f-ea3e-4159-a42a-fc495d1a4205
PMT00148,O00148,2025-07-20,1872.47,UPI,Pending,1a1807d4-a4b0-4c2c-8d41-01e7f23a36dd
PMT00149,O00149,2024-07-10,1631.8,PayPal,Failed,f1511793-1755-4e98-9a4e-57daa07a2c53
PMT00150,O00150,2025-04-20,1957.78,Net Banking,Success,46127a8f-97a5-42ad-979a-56a05e67588c
PMT00151,O00151,2025-07-28,1691.11,Cash on Delivery,Failed,2622e4f4-ca19-42ca-8c1c-3aa2d084d92a
PMT00152,O00152,2024-02-03,521.62,Credit Card,Pending,cbffe36a-0bb5-4c31-bfcf-9aa489fe1915
PMT00153,O00153,2024-04-04,1290.13,UPI,Pending,2ccb9c89-ae4d-4e12-ac1f-4074aa3f5e00
PMT00154,O00154,2024-02-13,720.74,Credit Card,Pending,dc9e41b1-ca37-4a81-a2e8-f067ecc208ed
PMT00155,O00155,2025-07-18,441.18,Credit Card,Pending,5f10f171-a071-4fe5-afd4-8328bbce8f45
PMT00156,O00156,2023-08-16,634.09,UPI,Success,3293f38c-a9a7-4d8c-ac23-8a7d71a9f5f0
PMT00157,O00157,2023-12-19,546.54,Cash on Delivery,Success,b01ac37f-b355-490e-9cb9-8128c3eef0d3
PMT00158,O00158,2024-12-18,1542.8,UPI,Pending,852ce5b7-b7fb-473c-a7cd-f4d9215a6300
PMT00159,O00159,2025-01-02,977.52,PayPal,Pending,d8fe5f6e-8181-42a0-a167-dcbaf113cf9e
PMT00160,O00160,2025-07-22,100.66,Net Banking,Success,10d7e9f8-8e30-4f11-b6f1-c83457fa8cbb
PMT00161,O00161,2024-12-10,642.59,Cash on Delivery,Pending,3ccb9679-46da-43f9-9fe0-0e33d4601799
PMT00162,O00162,2024-02-17,86.74,UPI,Failed,5ebfbd81-37a5-433d-890d-3f4bc2541ea6
PMT00163,O00163,2024-05-15,1565.14,UPI,Success,06e09868-cf32-474d-a5ea-964c101a41f9
PMT00164,O00164,2024-02-27,286.27,Cash on Delivery,Pending,953302ed-1086-4ad3-a421-c2bad1964292
PMT00165,O00165,2024-05-10,1022.8,Credit Card,Pending,33caa969-1c78-4d2b-a16b-7e61ab2da5f0
PMT00166,O00166,2023-10-14,1363.79,Cash on Delivery,Failed,a027d300-bd1a-43bf-8183-100966c70564
PMT00167,O00167,2023-11-27,1090.34,Credit Card,Failed,96879261-5b59-47fb-8991-9d3391b22c08
PMT00168,O00168,2025-01-23,1514.03,Credit Card,Failed,90cbb157-5d75-4da9-a207-03533b301a8f
PMT00169,O00169,2023-10-07,1640.51,UPI,Pending,e85c8b46-ca03-4da2-bc30-7600047cd3fe
PMT00170,O00170,2023-10-24,1989.22,PayPal,Success,470d3653-0599-4ebe-b175-777eec52db43
PMT00171,O00171,2025-05-22,432.41,UPI,Failed,e68fe0a9-6ccd-4458-b366-c23b98d6cdac
PMT00172,O00172,2025-02-11,362.83,Cash on Delivery,Failed,9d124abc-c64e-4704-9f43-acf14ccbd1bd
PMT00173,O00173,2025-05-04,802.15,UPI,Success,96581a78-c032-4785-94e8-4e28832b943a
PMT00174,O00174,2025-05-06,1610.92,Cash on Delivery,Success,c2e6fd24-ad9a-48e6-81d9-481b831839df
PMT00175,O00175,2024-07-07,202.48,Net Banking,Failed,1d7a3fb3-1c1d-4232-8f69-f75974c8605c
PMT00176,O00176,2023-10-21,361.23,Credit Card,Pending,d80218b1-4d3d-4c24-b51f-f5adcbe92e5d
PMT00177,O00177,2023-11-21,1715.87,PayPal,Success,16e35fc0-13a4-432a-ae82-07fb6ae73e29
PMT00178,O00178,2024-01-21,103.94,Cash on Delivery,Failed,19d23795-d9a3-4598-883f-75d6a102e379
PMT00179,O00179,2025-03-24,1588.85,PayPal,Success,0e2579aa-6157-4a21-8562-b7238bb78d51
PMT00180,O00180,2024-11-03,1965.49,PayPal,Pending,a6c8884c-0dbe-45d7-ac1c-743f2cb1a1df
PMT00181,O00181,2024-08-11,828.77,Net Banking,Success,3d2c5640-11d3-4a5e-9c55-6d0744ac6869
PMT00182,O00182,2023-10-21,1746.48,PayPal,Success,add4bb7d-6603-4840-a2e8-1d91ee568c97
PMT00183,O00183,2025-02-04,1027.22,Net Banking,Pending,d9b1477c-914f-4ff0-b805-f31760543280
PMT00184,O00184,2024-06-29,516.41,Net Banking,Success,3e5f2d5d-4fb2-4abe-abb5-f8288c9f5ca9
PMT00185,O00185,2024-07-21,680.16,UPI,Pending,0d0995b3-fbaf-4dfc-971b-60e62a2f4acd
PMT00186,O00186,2025-07-26,740.15,Credit Card,Pending,66ef84eb-a2db-484b-bc13-4462dcd0c211
PMT00187,O00187,2025-06-12,594.95,Net Banking,Pending,c3fad3c8-0480-4faa-a4ff-7f6396eb81bb
PMT00188,O00188,2025-05-13,1966.68,Net Banking,Success,8fc102df-a8ae-46eb-bbf6-d061c06f19e9
PMT00189,O00189,2025-01-03,1989.17,Net Banking,Success,5f22535d-3e86-4803-a238-35b0a5619c30
PMT00190,O00190,2023-08-22,1968.5,UPI,Failed,6b987b60-9cac-472a-95a4-63a930ad2e57
PMT00191,O00191,2024-05-28,409.31,UPI,Success,a5c8a11c-33a5-405a-8a93-dc6b61776d11
PMT00192,O00192,2024-11-11,1907.4,Cash on Delivery,Failed,497343f4-5540-4acc-b60b-0fbc0000ff9e
PMT00193,O00193,2024-01-18,1204.17,UPI,Failed,968cdb21-6b8f-4cdf-b5b9-5b72053722e7
PMT00194,O00194,2025-07-29,1953.12,Cash on Delivery,Failed,4e7243e5-8a87-4cba-a2f7-3c465ac928b9
PMT00195,O00195,2025-04-29,564.57,PayPal,Pending,1672ce00-1367-497f-9b26-47be84b02d6a
PMT00196,O00196,2025-03-29,515.42,Credit Card,Success,39a229eb-d3ef-4fd2-bd07-486d41753e72
PMT00197,O00197,2025-06-04,1748.57,UPI,Failed,509b31ed-41fa-4da1-82d7-0d8193ea20ca
PMT00198,O00198,2023-08-28,1606.23,PayPal,Success,92055291-2884-46b9-b2a7-55309c519b45
PMT00199,O00199,2024-04-20,985.01,UPI,Success,c770aaec-3c9e-4cd8-9d79-2fbe87c1cd3d
PMT00200,O00200,2025-07-03,1584.31,UPI,Success,0d014358-f19a-46fa-8836-b77f6893ec31
PMT00201,O00201,2025-07-04,1120.99,UPI,Success,51d854bc-4f93-4283-b4a4-d79b19a6c033
PMT00202,O00202,2024-06-08,1007.04,Cash on Delivery,Pending,b0cb400b-5455-4fed-9660-b60d3e156a09
PMT00203,O00203,2023-11-16,677.21,Cash on Delivery,Failed,df2f352a-4f17-4430-894f-a66faa3a40a7
PMT00204,O00204,2025-07-06,1602.8,PayPal,Success,aff9eef6-81d4-4b1b-829b-56e7503eb122
PMT00205,O00205,2025-02-07,1214.39,UPI,Success,b817f2c0-dc9a-431a-adab-e0632713d6ae
PMT00206,O00206,2024-01-18,1840.06,Net Banking,Failed,362de565-c626-4e9d-9898-c9c44289680a
PMT00207,O00207,2024-01-29,1885.76,Net Banking,Success,2b07ee41-9062-44ef-b923-1586793d15df
PMT00208,O00208,2025-02-04,1316.04,Cash on Delivery,Success,84f75361-818b-4be3-8db8-f38c35e79d7b
PMT00209,O00209,2023-08-19,1541.3,Cash on Delivery,Pending,cbb1dd17-a130-45e0-a9b9-48b846e85b67
PMT00210,O00210,2024-06-06,1630.95,Cash on Delivery,Failed,514e04b9-ad29-4e15-8d89-08f082ef8204
PMT00211,O00211,2024-08-18,848.01,Net Banking,Failed,01f80950-6f3a-4020-88c4-b35411fbf7c3
PMT00212,O00212,2024-04-16,534.22,Cash on Delivery,Pending,a4029427-a9f8-4082-b6f2-34c27cd19bab
PMT00213,O00213,2025-06-12,783.94,Cash on Delivery,Success,ad909e5b-aec4-4611-967d-c4afa337f487
PMT00214,O00214,2023-10-01,255.56,Net Banking,Failed,3a843e7b-b704-4acd-9c3c-051db6f7c9f4
PMT00215,O00215,2024-10-18,1764.21,Credit Card,Success,d37b3061-12fc-4851-adfc-36368c60a052
PMT00216,O00216,2025-05-11,1995.81,UPI,Success,4759b761-3667-44fe-965c-85028a1c44d2
PMT00217,O00217,2024-06-08,1220.03,Credit Card,Failed,826d8d00-3ddf-4376-9b74-e533c5cc6031
PMT00218,O00218,2023-08-28,273.06,Cash on Delivery,Success,497d987b-e2d1-4a3d-ab1e-fd8c313fbc1f
PMT00219,O00219,2024-05-29,818.72,Credit Card,Pending,a079ff54-2c12-402c-a7d0-bdbb07c1a208
PMT00220,O00220,2024-09-23,147.35,Credit Card,Failed,258f8766-c812-4d29-9546-73ab5c635e24
PMT00221,O00221,2024-07-23,585.89,Credit Card,Success,9928315b-f90c-4a0c-917a-35d73f34712f
PMT00222,O00222,2025-08-05,1111.43,Net Banking,Pending,95a796f1-2c47-41d6-97d7-596c76dccd99
PMT00223,O00223,2023-10-14,1434.32,Credit Card,Pending,0e34972c-12f2-419c-9242-3687a2594361
PMT00224,O00224,2024-11-30,656.12,UPI,Pending,b591552d-637e-4b6a-a72d-f0fae742fad4
PMT00225,O00225,2024-07-23,1038.65,Cash on Delivery,Success,0c438f50-3217-4e37-ad20-04266bc4b63e
PMT00226,O00226,2023-10-20,528.24,Credit Card,Pending,10e19bbb-f78d-43f5-bf20-8c907913084d
PMT00227,O00227,2024-04-10,921.99,Cash on Delivery,Success,2e3dfee9-b402-412b-bb2e-b946271b264f
PMT00228,O00228,2024-03-28,1879.76,Net Banking,Pending,bbf2ff2d-4d82-4405-94a1-d8a2a2045f40
PMT00229,O00229,2024-06-23,883.33,Credit Card,Success,49121c91-88dc-4dce-8978-ccc84b8773a7
PMT00230,O00230,2025-02-03,645.0,Cash on Delivery,Pending,b475088c-cd3d-4c90-a0b8-4771c2c03853
PMT00231,O00231,2024-01-08,1023.05,UPI,Success,71709ab0-b010-49e4-9c7d-788977dd7e9f
PMT00232,O00232,2024-06-01,1406.23,PayPal,Success,7a32b854-47b8-421f-82e1-46a01fdf2f09
PMT00233,O00233,2025-02-22,727.65,Cash on Delivery,Success,f0a6cb6c-bae9-4be7-b868-dd9772e0ed22
PMT00234,O00234,2024-12-28,760.79,Cash on Delivery,Pending,500fd193-94a2-4153-b4ea-8e9d3b1d2c9f
PMT00235,O00235,2023-08-15,700.67,UPI,Success,316eba2a-1862-4ec1-a269-25342c3d95dd
PMT00236,O00236,2024-09-17,748.57,UPI,Pending,ce5f3417-90c9-4681-8e69-196a2ee8378d
PMT00237,O00237,2024-01-28,931.14,UPI,Failed,01ce48d5-e6d7-45a5-b22f-d020da8ae8b3
PMT00238,O00238,2025-05-16,1632.03,Cash on Delivery,Failed,ecd84bcb-d259-4656-8eed-74bfb3e661f5
PMT00239,O00239,2025-04-05,1498.19,PayPal,Failed,49743157-ba47-4150-99ea-aaf49cb63880
PMT00240,O00240,2023-09-10,697.18,Cash on Delivery,Pending,4aeeff5e-e575-45b7-a99e-bd5b44380673
PMT00241,O00241,2025-03-12,338.14,Cash on Delivery,Success,83f39589-9ce8-48f4-a122-8c14ba3309aa
PMT00242,O00242,2024-08-05,380.0,Credit Card,Success,8cf36360-8bc6-48e6-a2e6-9f6e531d3508
PMT00243,O00243,2024-10-20,710.61,UPI,Success,791fcca7-b8e6-4d15-b0bd-ae2d2d3aaff6
PMT00244,O00244,2024-08-30,188.87,Net Banking,Pending,3cf2b9f5-75dc-4b38-88d8-24e04804c04e
PMT00245,O00245,2023-12-31,39.58,Cash on Delivery,Failed,5f6f6b6e-9b9a-4b3c-8866-c73306a30080
PMT00246,O00246,2024-04-01,1175.04,Net Banking,Success,57e23454-5f09-4dbe-bc3a-d8187ed4bb99
PMT00247,O00247,2024-03-19,1896.96,Credit Card,Pending,3aaa4007-a25e-47cc-af85-23ce3b469581
PMT00248,O00248,2024-02-29,1531.82,UPI,Success,22405af8-b59f-47b2-9a48-a7d48bc3af45
PMT00249,O00249,2024-10-26,185.09,Credit Card,Failed,cbf2efcc-3c8c-4e14-b391-8bfb5bdfe4a6
PMT00250,O00250,2024-04-09,135.76,Net Banking,Failed,865cbbfd-ef45-4200-bd26-5bdf9b6cc5df
PMT00251,O00251,2024-07-22,1431.68,PayPal,Failed,dedf480f-01ec-4e79-ae85-5dd26cb069cd
PMT00252,O00252,2024-04-28,1495.77,UPI,Success,843ad2e3-2ca3-4244-a29b-b9df1ff7dca8
PMT00253,O00253,2024-11-25,511.79,Cash on Delivery,Failed,93729c06-6f4b-40a9-bd36-7617358cbbbc
PMT00254,O00254,2024-10-20,1427.21,UPI,Success,9bb3c3b2-9d38-4f60-b04c-a8e462c961e1
PMT00255,O00255,2024-08-22,1340.62,PayPal,Failed,863ae3cc-d240-438b-a197-38e04c000e92
PMT00256,O00256,2024-05-02,1570.97,Net Banking,Pending,6776612a-b2c8-4569-a01e-3cac4b29251d
PMT00257,O00257,2023-09-10,1643.57,Cash on Delivery,Failed,b80d38dd-e329-4eae-9d46-bf59472f4735
PMT00258,O00258,2024-05-23,202.06,Net Banking,Failed,d1394636-3683-4a8b-8d1c-39b3e0b4c39a
PMT00259,O00259,2025-06-10,1037.73,Credit Card,Success,2109559a-5776-4273-a7d0-1cb7c05a89b5
PMT00260,O00260,2024-12-21,1352.54,Cash on Delivery,Pending,51e1e5c4-ae3b-4f7f-8ded-c226f7a1c825
PMT00261,O00261,2025-02-08,674.92,Net Banking,Pending,2db32608-76f6-4fb6-8b13-d3c6199c43d2
PMT00262,O00262,2024-08-23,1062.94,Net Banking,Failed,c4082276-b5d8-4394-93d4-7434e6d2dc5c
PMT00263,O00263,2024-03-20,155.05,UPI,Success,c93b1ccf-a7df-4e69-bcde-4989afc829e4
PMT00264,O00264,2023-11-09,877.74,PayPal,Pending,e813858c-acf0-43d9-9eed-998c8a99917b
PMT00265,O00265,2025-06-21,269.3,Credit Card,Success,58a728a2-f62f-4aa2-968e-3f1ee8e2fac0
PMT00266,O00266,2024-02-14,1746.67,Net Banking,Pending,a0554788-cc36-4edb-859d-1f4c728e1508
PMT00267,O00267,2025-01-19,162.63,UPI,Success,24d327b9-eceb-4367-83e3-01bb5769e121
PMT00268,O00268,2025-07-01,505.16,UPI,Failed,260afc83-848a-4869-bad4-8a97b2ec0870
PMT00269,O00269,2025-04-29,910.43,PayPal,Pending,43eaa653-8559-4ec1-a85c-86906df3bc1d
PMT00270,O00270,2024-02-26,133.49,UPI,Failed,3cd675c5-9853-4434-be52-98757419c894
PMT00271,O00271,2024-08-06,862.71,Credit Card,Pending,c8838edd-fad0-451e-8f1c-12c85b46c9b6
PMT00272,O00272,2023-08-29,70.07,Credit Card,Success,1b63cfda-fdcf-4df7-adfc-3edcb321b98d
PMT00273,O00273,2025-05-26,111.48,PayPal,Failed,bca0f052-d6b6-4a1c-85bd-6a58bd407e5a
PMT00274,O00274,2024-08-30,235.66,PayPal,Failed,d739ed5e-ee35-4bad-a72f-2eda0f00ba7e
PMT00275,O00275,2024-10-20,553.12,PayPal,Pending,fc35bce2-bb50-4eba-b90f-f9f358b4eac5
PMT00276,O00276,2024-01-04,124.2,Credit Card,Success,ef06f082-3970-4476-a97f-c4fcbb736212
PMT00277,O00277,2024-07-15,242.86,Net Banking,Failed,0243945b-59a2-4faf-af81-dfcd5b55240a
PMT00278,O00278,2025-07-14,434.93,UPI,Failed,413a3d64-b8da-40d4-99d4-238214d230da
PMT00279,O00279,2024-01-17,198.49,Cash on Delivery,Failed,429e8589-c5cd-4e04-9c32-101f0f722afa
PMT00280,O00280,2023-09-25,1319.13,Cash on Delivery,Success,9cec913b-6162-40e4-81f2-0018291062b6
PMT00281,O00281,2023-12-14,28.16,Cash on Delivery,Pending,a8ec618b-9577-4c66-93ab-3c92b3131653
PMT00282,O00282,2024-10-21,590.87,Net Banking,Pending,4e1ef92d-e832-469c-abb6-c08f8e06873a
PMT00283,O00283,2024-09-27,1332.49,PayPal,Success,68477e9c-2150-4852-a268-d61353c8a765
PMT00284,O00284,2023-12-07,1132.21,Credit Card,Success,3befdab5-8a97-4f3f-a848-9b4ac5e2d4da
PMT00285,O00285,2024-11-28,489.66,PayPal,Success,6b374bf6-a91e-489d-a2f4-b4dff5bdb38d
PMT00286,O00286,2024-03-04,1211.75,Credit Card,Pending,449ff018-28cd-49fd-a195-7a2cf1db658b
PMT00287,O00287,2024-05-17,1142.36,Credit Card,Pending,ef9fadb7-ba1b-4587-b612-8d5212df58f0
PMT00288,O00288,2024-03-15,1626.72,Net Banking,Success,a39d0e5e-42db-497c-9f91-5f5a7e037ec6
PMT00289,O00289,2023-12-02,1830.32,Net Banking,Success,c53f4ffd-561a-4bde-8c06-3377e7b57666
PMT00290,O00290,2024-04-11,179.66,Net Banking,Failed,b238bf93-cced-4832-8a22-a90b06269977
PMT00291,O00291,2024-06-11,184.43,UPI,Failed,b053a9c1-4013-40e7-8aee-565f24c6c82e
PMT00292,O00292,2024-08-22,747.42,Net Banking,Success,0a6609df-06f1-42f8-ac9f-0fe00532c844
PMT00293,O00293,2025-01-10,783.96,Credit Card,Pending,42937a96-5705-4c20-be65-bc5e3b11289d
PMT00294,O00294,2023-11-16,146.38,Cash on Delivery,Success,705468ff-84a6-4952-9a02-cba3403960e7
PMT00295,O00295,2024-12-05,1317.3,PayPal,Pending,5304d9c8-c16a-4377-b74b-c28619e09de5
PMT00296,O00296,2023-11-02,833.53,Cash on Delivery,Failed,abce4396-122c-49b7-ad0c-66b4619a038e
PMT00297,O00297,2023-10-07,1271.38,PayPal,Pending,7de9adee-b477-4fea-9d25-08954f610894
PMT00298,O00298,2024-11-23,1781.75,PayPal,Failed,1602055a-f128-4026-a828-fe4679c505d5
PMT00299,O00299,2024-12-20,416.94,Net Banking,Failed,1200f2ff-b780-4662-b784-8047366abb79
PMT00300,O00300,2025-08-06,484.61,PayPal,Failed,93aff2cc-dd25-44ed-b79f-1a98c749cd5f
PMT00301,O00301,2025-02-17,1216.62,Net Banking,Failed,931dba00-a016-4427-84c4-552b0b82d29b
PMT00302,O00302,2024-07-20,121.86,PayPal,Success,6d86b1b1-7c79-4cab-80ff-c944786a3719
PMT00303,O00303,2025-06-26,1060.24,UPI,Failed,7edb279e-46b2-4bf8-a7c8-b9139f3b62ac
PMT00304,O00304,2024-07-28,245.48,UPI,Pending,5bbe49e3-7caa-44c1-b5fb-87a8aa2e3aa1
PMT00305,O00305,2024-11-09,1193.26,Credit Card,Success,25d72c1d-5466-4ca5-b8cb-cac6958db2fb
PMT00306,O00306,2023-09-23,1561.06,UPI,Failed,8c5de2da-6232-460f-b966-5a4a83760b2a
PMT00307,O00307,2025-05-07,1825.0,PayPal,Pending,8aaa7bc5-ec07-4406-a35c-c576d619304c
PMT00308,O00308,2025-03-27,1075.76,UPI,Success,ec5ef6b0-7957-4ef3-8a53-45283addfe31
PMT00309,O00309,2024-05-03,1751.53,PayPal,Failed,7d79933a-6521-4b05-b2b2-daec3bd48c52
PMT00310,O00310,2023-10-27,341.97,Cash on Delivery,Failed,6930cd95-681d-4aeb-bcf3-5ee6792f2cf3
PMT00311,O00311,2024-11-24,924.52,PayPal,Success,d8eca0f1-96eb-4e0c-bf7e-bef30ad0362f
PMT00312,O00312,2025-03-16,1043.84,PayPal,Success,c5c79e26-9fef-40a0-baad-7406b3dbb137
PMT00313,O00313,2023-10-12,1911.82,Credit Card,Failed,21b0752d-dd3d-4664-8389-d2007a20f5d2
PMT00314,O00314,2024-02-09,734.45,UPI,Success,0fd601d5-195f-4d00-befe-bb30e3196ab4
PMT00315,O00315,2024-01-17,1366.49,Credit Card,Failed,094a80a6-5e6a-4ffc-a8d9-733b6a93c3b0
PMT00316,O00316,2023-09-14,831.04,Cash on Delivery,Success,bdd49b1e-aa66-4d88-b08f-754a7add6fdb
PMT00317,O00317,2025-04-07,750.1,UPI,Success,22800805-d17a-42a6-ad41-f53eb421f3b9
PMT00318,O00318,2024-09-30,1276.83,Net Banking,Failed,ff81351d-1159-49fd-ad74-f05848cc81d3
PMT00319,O00319,2024-03-29,1624.46,Net Banking,Failed,3de3bf75-202f-4abd-a251-741b2422e1b0
PMT00320,O00320,2023-10-22,1940.22,UPI,Pending,f4abe6ee-2e83-4ff4-be27-c7498ebc185b
PMT00321,O00321,2023-09-16,390.14,Cash on Delivery,Failed,ec75bf9e-24cd-4d78-b842-971fbf02582f
PMT00322,O00322,2025-07-26,192.83,PayPal,Pending,4faf3d1f-3444-492e-bc6c-6d433ef9f74a
PMT00323,O00323,2024-10-27,1266.03,UPI,Pending,0a15723b-ef44-409d-a407-e7886560443c
PMT00324,O00324,2025-02-27,495.31,Net Banking,Success,484604fa-7618-44e4-b85d-78073b31efd8
PMT00325,O00325,2025-03-02,935.63,Credit Card,Pending,5a3c33a3-7907-42aa-863d-b5650d6fc96e
PMT00326,O00326,2025-05-24,1550.93,Cash on Delivery,Success,158f219e-9bdd-4e19-a330-f1ccfce2f232
PMT00327,O00327,2025-04-03,1292.98,PayPal,Failed,7384b014-0904-48ba-877e-0cd4f197caf8
PMT00328,O00328,2025-08-02,813.04,PayPal,Failed,872624c5-c8ac-42e3-840d-0422c7875272
PMT00329,O00329,2024-06-17,1159.4,Credit Card,Failed,2e5c563d-3815-475a-8398-6806def44c30
PMT00330,O00330,2025-01-15,1251.85,PayPal,Failed,d6117a05-b8ad-42a2-a79e-3bc8d354e51c
PMT00331,O00331,2025-02-18,1761.86,PayPal,Success,cd51b3ac-2aef-4456-a1e1-3329474fb825
PMT00332,O00332,2024-11-11,1114.85,UPI,Success,6ab45bc5-60ac-4c36-b39f-0338cf3cc249
PMT00333,O00333,2024-07-29,1893.13,Credit Card,Success,47f1605d-07e2-4ed4-80dd-04e676d3392b
PMT00334,O00334,2024-09-15,1352.1,Credit Card,Failed,09989b23-7c8d-4a4a-a509-3ad902511251
PMT00335,O00335,2024-02-28,1603.47,UPI,Pending,7e10708c-7ea3-43f8-9e59-5f94c6542fbf
PMT00336,O00336,2024-05-08,1512.38,Credit Card,Failed,374ceb70-7eda-4be7-ba54-e58d698c0c2f
PMT00337,O00337,2024-03-18,869.92,PayPal,Success,7fa24843-8db6-45a8-9860-f39cfdc526b1
PMT00338,O00338,2023-12-08,1030.43,PayPal,Pending,349e0327-9c78-45ee-b1c6-2b6a7221c404
PMT00339,O00339,2023-11-07,741.95,Cash on Delivery,Success,826a52a6-1431-44f8-88a2-852d65235d98
PMT00340,O00340,2025-06-07,423.91,Credit Card,Failed,363f8c50-07d5-42df-b0d8-8588bbd6e8f5
PMT00341,O00341,2023-09-06,1440.91,Cash on Delivery,Success,fbd98cd6-6a23-4447-a745-a1f8ff297ae2
PMT00342,O00342,2024-07-15,311.48,PayPal,Pending,e6860473-704f-484a-9fde-dd413bdd74be
PMT00343,O00343,2024-09-09,480.03,Cash on Delivery,Pending,e87c9048-130a-4186-b0a9-d5d38e8075ac
PMT00344,O00344,2025-04-11,56.23,Cash on Delivery,Failed,301f9fa6-2d64-4333-a09d-3af3ce78434f
PMT00345,O00345,2024-03-23,1326.41,Net Banking,Success,29d93236-600a-4863-b19d-9e8bd55707d1
PMT00346,O00346,2025-05-03,1144.29,PayPal,Success,55edc9b3-ecef-40dd-850f-ed94b368e721
PMT00347,O00347,2023-12-05,348.46,PayPal,Pending,2b920821-f7a4-4415-a14c-2ee748c48857
PMT00348,O00348,2025-01-03,859.53,Cash on Delivery,Failed,6fa875cd-af31-4280-a550-f75ceaeae07e
PMT00349,O00349,2023-12-29,1705.89,UPI,Failed,823db5da-2056-487f-b484-ed2c21a4e440
PMT00350,O00350,2025-05-05,1060.76,PayPal,Pending,b14c6c04-496a-4111-85b0-b73714855248
PMT00351,O00351,2025-05-16,153.86,Credit Card,Failed,0203e469-460e-4414-93af-3cc752fdad87
PMT00352,O00352,2025-04-18,1848.07,UPI,Success,90d7c802-0f7e-4fd2-8b13-acc80367a462
PMT00353,O00353,2023-08-20,1443.87,Credit Card,Pending,86902bd7-8d1c-4488-a7d7-e793c40906c2
PMT00354,O00354,2024-11-10,1342.87,Cash on Delivery,Failed,ee1da1eb-6d3e-4f67-abd6-3128a3e715b6
PMT00355,O00355,2024-04-02,1568.82,PayPal,Pending,6966f86c-cc57-405b-a8d8-9057faeec412
PMT00356,O00356,2024-08-16,1724.86,PayPal,Success,bfcfa1ed-f030-4a25-ac9d-5a03c959f42f
PMT00357,O00357,2024-12-15,1679.36,PayPal,Pending,8ea52373-a267-4927-bef5-035e13cc1ef2
PMT00358,O00358,2024-04-05,1224.25,UPI,Pending,53f2aecd-7047-4f75-a727-54a4f0e51f0c
PMT00359,O00359,2024-10-12,203.95,Net Banking,Failed,ca6bdd87-b521-4cad-a351-422469c2c516
PMT00360,O00360,2024-04-25,1223.11,PayPal,Pending,10c119f7-a6c0-4c34-bcbf-1fd3183055b6
PMT00361,O00361,2024-03-28,534.96,PayPal,Pending,32ae1668-eac7-47da-82f8-65b59096d4ff
PMT00362,O00362,2023-10-31,1903.57,UPI,Success,68567a6e-cf39-44cb-a1cb-ac046c2666b8
PMT00363,O00363,2024-09-12,1625.97,PayPal,Success,18d430a0-bcde-4e76-873b-e2fb98e27e8a
PMT00364,O00364,2024-08-03,1677.18,Cash on Delivery,Success,c3a6904a-eb73-49ff-951b-e8de9181a2fc
PMT00365,O00365,2025-03-22,1546.53,Credit Card,Failed,d9f0524f-05b4-442f-aa9d-f231030eed05
PMT00366,O00366,2025-05-28,301.81,Credit Card,Failed,2955fa27-a60f-4553-ac34-9d63bf68654d
PMT00367,O00367,2025-06-06,1596.71,Cash on Delivery,Failed,44cb718d-36e8-43a5-a84f-b74318cb04d1
PMT00368,O00368,2024-10-27,1053.56,PayPal,Failed,9d1ceba3-933c-4ef7-b7f4-fdb213f2c1bb
PMT00369,O00369,2025-05-25,1190.16,Net Banking,Pending,a5491a35-dbd9-49e9-a005-d0f0b2940707
PMT00370,O00370,2024-09-03,805.01,Credit Card,Success,de768029-c44b-43dc-99f6-619f9dc5bfa6
PMT00371,O00371,2025-02-02,646.24,Cash on Delivery,Success,fd7293cf-43ff-4c9c-9f38-06aeb38c3c15
PMT00372,O00372,2024-12-06,1754.39,Credit Card,Failed,cb4beab1-5cea-4223-b5bd-b8f4ed2ba49b
PMT00373,O00373,2023-10-04,1714.01,PayPal,Pending,10e8b147-8db1-46e5-8c6e-820a3737c5c4
PMT00374,O00374,2024-12-18,1403.42,Cash on Delivery,Failed,14430ada-0714-46a4-826d-21a651f1f7a7
PMT00375,O00375,2024-11-03,1689.86,UPI,Success,74c03146-e5f0-4ae6-8a9f-becd3bb2b128
PMT00376,O00376,2025-02-15,1904.69,PayPal,Pending,d9039499-9a3b-48bb-8fc4-e4a8361410c5
PMT00377,O00377,2024-02-14,1355.52,UPI,Failed,5eec8378-3063-4135-a789-d5445ddcac25
PMT00378,O00378,2024-04-20,856.62,Cash on Delivery,Failed,4186b800-c7bf-4c3c-a1a5-76bffb827708
PMT00379,O00379,2024-05-07,1993.23,Cash on Delivery,Pending,95b77029-efe6-4af7-91a0-f8867a787566
PMT00380,O00380,2025-07-26,441.2,PayPal,Success,9f0601a3-0f58-47d0-93b9-497233813ca1
PMT00381,O00381,2024-09-08,1961.77,PayPal,Success,62ecfaf6-24e5-425b-891e-e159965899fd
PMT00382,O00382,2023-09-21,1755.32,Credit Card,Failed,90cc58a1-f9d0-4191-b222-11594d7cf31c
PMT00383,O00383,2024-09-14,1506.45,UPI,Pending,17e1c130-391d-44b2-aae8-59907ca698dc
PMT00384,O00384,2024-12-15,1932.3,PayPal,Pending,27a2f9d9-95d3-4270-8ad0-29fe5725e3f1
PMT00385,O00385,2024-10-10,955.21,UPI,Pending,68d46ba7-7e95-4372-bb3f-d23b954747a3
PMT00386,O00386,2024-10-05,435.78,PayPal,Failed,7e71eff5-5f11-4744-abc7-8c07061f956d
PMT00387,O00387,2025-02-10,1974.5,Credit Card,Failed,a815a813-e33c-49a4-9040-f1340994f482
PMT00388,O00388,2025-04-19,1555.25,Cash on Delivery,Failed,655af9cd-7e3a-4457-bede-0b19637d12af
PMT00389,O00389,2024-03-19,1581.71,Net Banking,Failed,1f0266ef-eb90-49e5-a501-bc417c4af69f
PMT00390,O00390,2025-06-09,1507.95,Cash on Delivery,Pending,b98c3204-3323-44c8-b5ea-9c62c1066adb
PMT00391,O00391,2023-09-13,1743.9,UPI,Success,e742e97d-5c7a-4320-a086-131a9f53d3d4
PMT00392,O00392,2024-08-01,1068.73,Credit Card,Failed,5e41ff5e-e9c1-440f-a505-840558ba6a0f
PMT00393,O00393,2025-02-20,1249.34,PayPal,Pending,1f8e159d-aa07-4534-838f-b5eb23e0c751
PMT00394,O00394,2024-05-04,1677.4,Credit Card,Failed,bb8073a9-d71e-41a3-8f5b-00e11a39cd56
PMT00395,O00395,2025-06-10,1252.0,Credit Card,Failed,c412c111-2463-450b-8c8e-cbd3ff17fd78
PMT00396,O00396,2025-03-04,700.27,Credit Card,Pending,65412b68-989f-43eb-90c8-b1529c24d6a1
PMT00397,O00397,2025-05-19,701.82,Cash on Delivery,Success,7ad54292-29e2-4cf4-b2cc-93e09a038314
PMT00398,O00398,2025-07-14,1447.76,Credit Card,Pending,64dea7ba-0280-45fe-8a8f-9ab1396752fc
PMT00399,O00399,2023-10-06,261.4,Credit Card,Failed,f4f78ac4-4b5b-416f-901b-4d755e4ba0ec
PMT00400,O00400,2024-02-21,1986.08,Net Banking,Pending,d8db6c69-d629-48db-bf80-fc67d3dece76
PMT00401,O00401,2023-09-10,211.44,UPI,Failed,56cf7915-2720-4593-8705-0392498095f9
PMT00402,O00402,2023-10-13,1569.74,Credit Card,Success,208337c8-1435-46b3-8687-6051b02d4741
PMT00403,O00403,2023-09-14,1630.22,Cash on Delivery,Failed,c973547a-f2a8-4bb5-b2c9-5926dfa36fae
PMT00404,O00404,2024-12-16,533.58,PayPal,Success,8db9b967-02e5-4429-99a8-115804b96e77
PMT00405,O00405,2024-10-02,910.8,UPI,Failed,73662356-5776-48a1-a770-67bdc527ceeb
PMT00406,O00406,2024-06-12,1337.97,Net Banking,Pending,02f096b5-89e1-4817-bfc6-83b850636821
PMT00407,O00407,2023-09-19,583.16,UPI,Success,8ad3c082-5aa6-4849-b9fa-b059e276df40
PMT00408,O00408,2024-06-30,1035.51,UPI,Success,68188437-b9ce-4983-a1b7-24a9e775ce24
PMT00409,O00409,2025-04-26,920.45,Cash on Delivery,Success,3b991622-1b26-49c7-9141-18765fc9c27d
PMT00410,O00410,2023-11-17,1982.64,Net Banking,Pending,fb5fcf24-10f7-49dd-95a6-8755f19bed3b
PMT00411,O00411,2023-11-16,1668.22,PayPal,Failed,c845c34f-8da0-4667-a3ec-5fb67fdb3574
PMT00412,O00412,2024-10-28,904.05,UPI,Failed,45c787ab-3b26-456d-8470-ae000d0f02b2
PMT00413,O00413,2024-06-28,626.46,Net Banking,Success,bfcfdfb9-5cfa-46ef-a4ff-cd565d707d2c
PMT00414,O00414,2025-05-01,932.52,Credit Card,Success,80457f5d-fa63-4ccf-89b0-91bae30ffcae
PMT00415,O00415,2024-11-03,1095.94,Net Banking,Pending,b9818b40-2386-4b76-979d-6ac2dc50d355
PMT00416,O00416,2024-04-17,1646.42,Credit Card,Pending,6448c429-7b7a-4e9d-a2e0-a52291d4787f
PMT00417,O00417,2025-04-12,399.6,PayPal,Failed,9b7fb404-6709-4354-9567-90bd2d5e889d
PMT00418,O00418,2025-06-04,1648.62,Net Banking,Pending,21e6ade4-4848-41ab-98b5-bb729c7c3ca4
PMT00419,O00419,2024-12-04,852.12,PayPal,Failed,9d3e7f83-1fb0-409d-8f8a-9a54840bae4d
PMT00420,O00420,2023-11-19,940.84,Net Banking,Success,9d5863c5-c421-4134-8299-52cedd3a51ca
PMT00421,O00421,2023-09-26,1119.46,Credit Card,Pending,81adc62a-7761-4ea5-8423-454202e19cc7
PMT00422,O00422,2024-08-14,1476.38,UPI,Pending,6b6295f5-7a1e-49f2-88c1-c25c4618c273
PMT00423,O00423,2024-03-01,660.89,PayPal,Success,d5073d7c-a52f-46b0-b693-85ec42206568
PMT00424,O00424,2024-09-26,1875.94,Net Banking,Pending,c78e82f7-67f1-4f60-b147-ce9b311a511c
PMT00425,O00425,2023-08-10,358.33,UPI,Pending,66a17c6e-e390-4f55-965e-7ca52ec9f726
PMT00426,O00426,2025-06-03,408.24,Credit Card,Success,2b2bdd41-6695-468b-a996-6c7eba5327bb
PMT00427,O00427,2024-02-29,1392.7,Credit Card,Pending,67db2f7e-eccc-4fdd-9c65-8d5e25fd043b
PMT00428,O00428,2024-02-07,1230.92,Cash on Delivery,Failed,3d9f8b44-e6f2-41e3-91f5-79f2e8a53386
PMT00429,O00429,2025-03-16,1839.91,UPI,Pending,8b0f2eeb-7bce-440a-8cac-3ae6ef845890
PMT00430,O00430,2023-10-11,1591.21,PayPal,Pending,03a880f8-f42c-42da-9f21-558f91dccfaf
PMT00431,O00431,2025-06-11,1573.58,UPI,Pending,f885e15b-345b-4445-b94b-5e7a42385da7
PMT00432,O00432,2025-02-21,1389.12,Credit Card,Failed,cf826ec4-aa2a-4ece-9ba1-a8ecada84057
PMT00433,O00433,2023-12-15,683.53,UPI,Pending,f8d6e102-6ab2-454a-9943-ee937dc17515
PMT00434,O00434,2024-02-05,405.6,Net Banking,Failed,ff2c2501-f585-4372-b288-7d7c8ed901ff
PMT00435,O00435,2024-07-04,1490.24,Cash on Delivery,Pending,d30f5f86-9630-42e1-bf18-d7817561d962
PMT00436,O00436,2024-04-08,646.65,Credit Card,Failed,04909f69-ee2b-4aa8-9d95-18e6aeaa2bce
PMT00437,O00437,2025-04-13,1135.88,Credit Card,Failed,f0bd08b8-2906-491c-a224-2303b562e4c0
PMT00438,O00438,2023-10-15,689.77,Credit Card,Success,15be6b6b-44e1-433e-8977-bfda1d81b40a
PMT00439,O00439,2025-01-28,502.34,Credit Card,Failed,751a22fa-6581-4acc-a096-ffe6fbd1c1d3
PMT00440,O00440,2024-08-28,1336.58,Credit Card,Success,be5e58d2-e913-4d2d-90b0-0688ab17f464
PMT00441,O00441,2024-08-28,585.54,UPI,Pending,4ff9e2de-ddb7-4b40-9a99-0ae19fb6837d
PMT00442,O00442,2024-05-18,713.45,UPI,Pending,ad9a17bb-8588-4cd7-aab9-83a5685bed19
PMT00443,O00443,2024-02-07,1626.78,PayPal,Success,001186ee-17bf-4b98-8fd6-a89b49454987
PMT00444,O00444,2023-08-30,238.26,Net Banking,Success,f750f5d7-8e8f-466d-b4e8-dec2c3cdd562
PMT00445,O00445,2023-08-25,1798.75,Net Banking,Success,bfd0b94a-09e8-4093-97c0-d9e43265f8d6
PMT00446,O00446,2025-01-14,1912.96,Cash on Delivery,Success,4e4400fe-3aac-47e9-9648-d3b3c35a655a
PMT00447,O00447,2023-09-29,909.33,Net Banking,Success,2bc2b566-e40e-4c3c-a1c5-0b5994165053
PMT00448,O00448,2025-01-29,1460.32,Net Banking,Success,1904f706-6862-4141-a4fc-c8dc9018d0ea
PMT00449,O00449,2025-06-27,591.5,Cash on Delivery,Success,d0769ccc-5aeb-4805-83f2-7ffa504658df
PMT00450,O00450,2024-11-14,1377.28,Credit Card,Success,d27c89ab-3d7d-4085-8b1c-3085c96a0485
PMT00451,O00451,2023-11-08,42.45,Net Banking,Success,41c5e5d2-c79d-418f-9abb-b2b2028d081e
PMT00452,O00452,2024-11-17,24.52,PayPal,Pending,3fa13028-7047-4792-bdbc-220921330346
PMT00453,O00453,2023-09-18,1380.18,Credit Card,Pending,a3c5d520-9e0c-42e5-a715-ad2996eae811
PMT00454,O00454,2024-02-06,1759.11,Credit Card,Success,1ab4f8b2-ff31-45b3-ab83-5727faba79c5
PMT00455,O00455,2024-06-15,1309.5,Net Banking,Failed,9150a934-1798-4ccd-bf43-0e4c8d524f5e
PMT00456,O00456,2025-01-15,729.83,Net Banking,Failed,199d4eb5-b9bb-4bb1-82e2-ad03bb20b382
PMT00457,O00457,2024-08-02,1689.57,Cash on Delivery,Pending,48c5e6d1-b007-418e-9a71-f8e16b3a9344
PMT00458,O00458,2024-05-06,1470.1,PayPal,Pending,5bb95225-2e9a-4de2-ab08-9f79b4877ab3
PMT00459,O00459,2025-04-14,1238.24,Cash on Delivery,Pending,585160d4-86a4-49d8-b4aa-3bac1e826100
PMT00460,O00460,2024-02-14,1117.39,Credit Card,Failed,e1b89e8c-c9c1-484e-bed1-aab760315295
PMT00461,O00461,2025-05-08,1560.88,UPI,Success,6c7fa969-4461-4c1d-ad5c-a2eb4bf52de2
PMT00462,O00462,2025-04-05,1643.76,UPI,Pending,af085692-a1ab-41dd-9bc6-d709cb046342
PMT00463,O00463,2025-06-03,122.65,UPI,Pending,654240db-6e8c-4e53-9991-3e16ee43c17c
PMT00464,O00464,2025-05-20,1507.05,Credit Card,Pending,e739581f-513c-49aa-8ad7-73c227d11394
PMT00465,O00465,2025-07-10,572.14,PayPal,Failed,b0efed3a-a652-4185-9c50-5df4c06952c7
PMT00466,O00466,2023-11-27,1433.17,Cash on Delivery,Success,697891ea-a330-41b7-8ebb-5f25815cd641
PMT00467,O00467,2023-09-06,1913.34,Cash on Delivery,Pending,3886e02f-3581-4374-b32b-82415cce7164
PMT00468,O00468,2024-03-01,396.22,Cash on Delivery,Pending,c34f05d1-8035-47b4-91b2-45b9edafcf1b
PMT00469,O00469,2024-09-08,857.57,UPI,Success,9149b9a4-c41b-4ea7-a676-063630f4dd47
PMT00470,O00470,2024-06-17,1243.44,UPI,Pending,878deb57-7d32-44d0-9f99-54e43d0b9a61
PMT00471,O00471,2024-07-22,1082.75,PayPal,Failed,c8f3ede3-91b9-44e1-b4f4-cb383aacf5f6
PMT00472,O00472,2024-10-03,1363.43,UPI,Pending,5a2ace1e-7527-47ce-a73c-f37507b1c1df
PMT00473,O00473,2025-02-28,766.27,PayPal,Success,042550d1-6eac-4d2c-ae27-456b7b69b0ec
PMT00474,O00474,2024-02-13,182.9,Net Banking,Failed,0dc281c2-d5cc-4104-ab96-9080286d7b7d
PMT00475,O00475,2024-04-28,608.53,Credit Card,Pending,3b5b9a91-de1d-4cda-83cc-f4f66e7f5c09
PMT00476,O00476,2024-02-06,1004.44,Net Banking,Success,97417b8e-e195-49ac-9cf8-40c4d00d2602
PMT00477,O00477,2023-11-24,1285.87,PayPal,Success,1885d1b6-3fce-4a79-b29d-c2cd86db77ac
PMT00478,O00478,2024-04-05,163.87,Credit Card,Success,f3cf42e0-97f2-41f4-811f-7f49085f78e5
PMT00479,O00479,2024-03-25,567.49,Net Banking,Pending,3b61086d-3485-4d4e-bc73-fc441e0d06ec
PMT00480,O00480,2025-03-02,1537.72,Net Banking,Failed,8d1b4286-f348-4b85-861f-d473b55b8232
PMT00481,O00481,2024-01-14,127.97,Cash on Delivery,Failed,79ba73e7-2764-404f-8480-409b2b443729
PMT00482,O00482,2023-12-08,1409.05,Cash on Delivery,Failed,aa84de4c-e232-41e7-8aac-5a0db014496b
PMT00483,O00483,2024-04-20,1727.01,Net Banking,Success,98d20630-089a-49a0-87c3-27c3d10ae650
PMT00484,O00484,2024-03-22,1443.15,Net Banking,Failed,c45c3ad0-d08e-49dd-bd2e-7ab21391eeec
PMT00485,O00485,2023-09-12,966.62,Cash on Delivery,Success,8fa8d42d-cd6c-4395-9984-fbfab68a88d7
PMT00486,O00486,2025-06-03,1807.15,Credit Card,Failed,a6102200-f21e-4d47-9618-f038ff99c631
PMT00487,O00487,2024-04-06,183.39,UPI,Failed,d58bf220-4291-437c-aafb-ef32898bc51b
PMT00488,O00488,2025-07-13,1428.53,PayPal,Failed,b09e1617-e33b-4643-bd93-d3af0cb60491
PMT00489,O00489,2025-02-25,522.25,Net Banking,Failed,29d28a98-54e8-4eb8-ac91-3ab06cf14157
PMT00490,O00490,2023-08-24,1693.43,Credit Card,Failed,3358c994-719e-4d0b-aa32-15a69e5c26af
PMT00491,O00491,2024-03-17,1542.21,PayPal,Failed,06f55fc4-746b-41e7-93a6-029c74638a22
PMT00492,O00492,2024-07-08,417.79,Net Banking,Failed,90a58166-f919-47f0-96f3-d7c81ed6e725
PMT00493,O00493,2025-01-19,1959.75,UPI,Pending,5d565882-14e8-4f2e-88bc-c22d261fb3b1
PMT00494,O00494,2025-06-20,1953.45,Credit Card,Failed,16b0c84d-bc1d-4b51-8298-2d7511eafc1b
PMT00495,O00495,2025-04-26,67.5,Cash on Delivery,Pending,f96e8aff-d255-4d90-8158-f9af58e62d00
PMT00496,O00496,2025-04-22,1709.44,Net Banking,Success,f6ab0c23-5c7a-4bea-a22f-5a4bba46effa
PMT00497,O00497,2025-05-04,523.27,UPI,Failed,c5c35f9d-0ea6-4c2e-9596-60550482c33e
PMT00498,O00498,2025-01-23,415.54,UPI,Success,0e02a41c-9595-49b5-bfd4-62a993f7dad0
PMT00499,O00499,2024-07-26,1604.98,Credit Card,Pending,3887015a-325f-45b1-a240-07363f7af62d
PMT00500,O00500,2023-09-10,1621.84,Cash on Delivery,Success,86540b84-2789-4b40-b371-73a76fdf4944
PMT00501,O00501,2025-01-19,603.04,Credit Card,Success,b67bd3e3-cd43-46aa-9f5c-02272328d2f3
PMT00502,O00502,2025-03-17,398.69,UPI,Pending,bd29cc6e-aca3-4687-86c7-abf30c56a002
PMT00503,O00503,2024-04-01,327.29,Cash on Delivery,Failed,9b8d6b94-42b8-41c0-bec3-95b1e16955d0
PMT00504,O00504,2023-10-05,1706.26,PayPal,Pending,abb1d133-0df7-4c69-ac59-d0e7dcde1349
PMT00505,O00505,2024-12-02,793.78,Cash on Delivery,Failed,2006007d-ba72-49ed-be53-87c4f5e170a7
PMT00506,O00506,2025-07-31,1486.54,Net Banking,Success,ccf50f98-9af7-4e44-9061-ab1d44d2b86d
PMT00507,O00507,2025-07-19,357.93,Credit Card,Pending,50f09e3a-28b8-430b-afff-51645489c9b0
PMT00508,O00508,2023-08-28,542.25,Net Banking,Failed,5ef0cb67-db95-48df-a6e0-36d1599cc8ed
PMT00509,O00509,2023-12-03,429.61,PayPal,Failed,3e71ad35-b86b-4b9f-bb07-b1eb727446c4
PMT00510,O00510,2023-12-27,1311.42,Cash on Delivery,Failed,56332711-47a0-4663-a661-3e42a3c9c250
PMT00511,O00511,2025-05-01,1491.98,Credit Card,Success,0928c5d9-f88e-44ce-b6ee-add84880e263
PMT00512,O00512,2025-07-31,891.88,Credit Card,Failed,e37040b2-369a-4374-9ca9-8ead313fc7dd
PMT00513,O00513,2025-02-22,1157.28,Credit Card,Pending,6261fe11-305f-4623-9489-c9e521500620
PMT00514,O00514,2024-01-13,492.76,Credit Card,Success,3f054c27-a1ed-4c07-84dc-f59cff9d9f0f
PMT00515,O00515,2024-12-19,1203.16,UPI,Success,b6c72412-59a5-436b-b904-373628464f43
PMT00516,O00516,2024-04-28,1672.89,Credit Card,Failed,a1e8f465-4c60-4430-8fd8-f3fa7cde253c
PMT00517,O00517,2025-03-31,1567.15,Credit Card,Pending,cb8cc997-9bdb-4b1e-a234-f32ba2576649
PMT00518,O00518,2024-04-10,1777.71,Cash on Delivery,Success,a231d301-fe5c-410e-a36d-7e83ee655566
PMT00519,O00519,2024-07-22,546.95,Credit Card,Pending,c4409d6d-c076-41a4-999b-c27bdd1fb4c9
PMT00520,O00520,2023-09-21,588.02,Credit Card,Failed,2927eb0c-3b9d-4fc6-ae1b-9d8729926719
PMT00521,O00521,2025-05-15,1817.37,Cash on Delivery,Pending,b4e0a7ae-d852-4ad6-bb4c-0fa27aa32aa1
PMT00522,O00522,2024-11-07,1791.78,PayPal,Success,a2e3028b-591b-4fa9-b82b-8148e605ec72
PMT00523,O00523,2024-08-21,714.96,Credit Card,Failed,1993dc05-6ffa-484b-9bd0-0814528e4bae
PMT00524,O00524,2025-04-23,676.64,Cash on Delivery,Pending,dc5bdfff-f27a-40b1-b353-3656023a8376
PMT00525,O00525,2023-11-26,1226.16,Credit Card,Success,250ca7c2-a9e0-4c4c-aba8-a4ab746fe95e
PMT00526,O00526,2023-11-30,1843.69,Cash on Delivery,Success,92611d3f-2945-4802-81f2-faecc5c9b703
PMT00527,O00527,2023-08-27,234.78,Cash on Delivery,Failed,67927e6b-a862-43b1-a274-7fbe4c3c24b0
PMT00528,O00528,2024-11-21,492.11,Cash on Delivery,Success,4dc33f19-ce82-4da3-988e-ae1b4beed6f1
PMT00529,O00529,2024-10-04,1113.22,Credit Card,Failed,cecbbabd-9614-4506-b6ba-e1ee2be8d42e
PMT00530,O00530,2024-03-24,207.86,Net Banking,Failed,78091465-bca3-413d-a29d-1719e8155404
PMT00531,O00531,2023-08-09,168.38,PayPal,Failed,7a297146-1322-4c14-8945-ec69347867c2
PMT00532,O00532,2024-06-30,1142.93,Cash on Delivery,Success,d0971b31-0266-4e23-a82c-6cc9ba685670
PMT00533,O00533,2023-10-12,1347.38,Cash on Delivery,Success,9b4e64d6-55df-4a8a-b9fd-b90d68c84990
PMT00534,O00534,2024-01-02,632.96,Credit Card,Failed,613be68f-9659-4c64-a5d7-b510250bc4dd
PMT00535,O00535,2024-10-20,901.18,PayPal,Success,a7fd3496-4005-40c6-a74c-0c395b76ac12
PMT00536,O00536,2025-03-31,1165.61,UPI,Failed,00059d1d-2f79-4fdf-9bcd-b8f17c24863d
PMT00537,O00537,2025-06-28,1041.04,UPI,Success,5efd5ae2-36e9-4eec-896f-ccf4aa0b2993
PMT00538,O00538,2025-03-11,1994.9,PayPal,Pending,aef665a2-5971-408c-881f-ca51ca294075
PMT00539,O00539,2025-01-09,1323.71,UPI,Success,8b401667-2521-4b9f-9a52-f070ccfcf89b
PMT00540,O00540,2024-08-25,840.33,Cash on Delivery,Pending,e69ef869-ee72-4197-a499-237a67ca8b32
PMT00541,O00541,2024-03-02,923.04,PayPal,Failed,ebc5d6d0-210a-49ed-9516-b5334e821346
PMT00542,O00542,2024-06-15,1860.51,Net Banking,Success,c2ff4334-95d5-4843-a784-7d8aac745f64
PMT00543,O00543,2024-04-22,1698.5,PayPal,Success,2a455ecd-64b8-40e0-8780-f588cd5c0a71
PMT00544,O00544,2024-08-13,1557.3,Net Banking,Pending,15ee1c29-64ea-4ce2-9b81-a3e35ae2c9fd
PMT00545,O00545,2024-10-17,436.34,Cash on Delivery,Pending,3fc9de7c-8b84-4bf0-a8b7-412924ce6f3a
PMT00546,O00546,2023-11-19,1989.93,PayPal,Pending,996f7178-148d-46ad-9c20-3b959c8f6aa3
PMT00547,O00547,2023-12-29,1202.41,Net Banking,Failed,314bf3fc-124e-4772-8aa4-590ed09a3855
PMT00548,O00548,2025-05-10,776.62,Net Banking,Pending,82b180b3-f22b-47d7-8754-8f237f3aedd6
PMT00549,O00549,2024-10-11,265.43,Credit Card,Success,b5d7b246-1bfc-4625-b779-6994fac12fc5
PMT00550,O00550,2024-11-14,137.84,PayPal,Pending,d32fe579-da53-45ac-8e45-d717f485bcdb
PMT00551,O00551,2024-01-29,1612.27,Cash on Delivery,Success,0eeb0440-295d-496a-93de-30a84de04b7a
PMT00552,O00552,2024-06-21,1487.75,UPI,Success,52c376ee-2a6a-4bc1-96f9-35a7c815d871
PMT00553,O00553,2025-06-14,810.2,PayPal,Failed,35ee7f46-db48-4e80-b702-551babae4028
PMT00554,O00554,2023-11-23,1181.94,Credit Card,Success,8a1ea23d-07da-452b-bb17-2660b8adcc5c
PMT00555,O00555,2024-04-04,1267.54,Net Banking,Pending,9e5d8d6f-fefe-4ff9-8604-6d283e0d3312
PMT00556,O00556,2023-09-13,1893.54,UPI,Success,0cbfe8de-293b-4acf-b62c-8915c19d6ca5
PMT00557,O00557,2025-06-21,200.12,PayPal,Pending,3617a8d4-419c-45ec-9836-d316981737a4
PMT00558,O00558,2024-06-06,531.97,UPI,Failed,9c835b24-fd65-4d32-b8d1-f3bf9e6686bd
PMT00559,O00559,2024-05-26,1621.43,Credit Card,Pending,50ef24b2-7376-415d-a208-94ef46e3ff5b
PMT00560,O00560,2024-02-14,1307.22,Net Banking,Success,eabba6f7-d1fc-4257-8b34-1e687f6c6be9
PMT00561,O00561,2024-01-27,1043.55,PayPal,Failed,0b27fabd-66bb-4dcd-9766-801ff4a69021
PMT00562,O00562,2024-12-30,1943.27,Credit Card,Failed,e78aad77-1de9-484c-8742-efe9d9cc438e
PMT00563,O00563,2025-04-07,1948.73,Net Banking,Failed,d89f8748-4dea-4b5e-879b-8aa5c5e36dde
PMT00564,O00564,2023-11-17,851.57,Net Banking,Failed,b71be462-6b1e-4c28-978c-461db3c70c7e
PMT00565,O00565,2024-03-10,1907.87,Cash on Delivery,Pending,17da3ad4-ecf9-44cc-913d-160bf456ca2f
PMT00566,O00566,2024-06-19,528.2,Cash on Delivery,Failed,d1279063-cf6a-4de3-a54c-3c1558f12f17
PMT00567,O00567,2024-04-26,311.82,PayPal,Pending,e6be8214-c80a-45c3-935b-9e684460a72a
PMT00568,O00568,2023-10-17,670.24,UPI,Failed,812e9cf5-92b1-4364-b307-412b89d5b69f
PMT00569,O00569,2024-03-13,1742.86,PayPal,Pending,c728a954-f7f9-40b9-ba5f-7745563eddb1
PMT00570,O00570,2024-05-24,678.82,Credit Card,Failed,a3ad6968-cf85-4fc3-bfdd-9d6bcbb1a982
PMT00571,O00571,2024-03-24,165.01,UPI,Failed,d31dd14a-4b65-4c2f-904b-23fa345b1d58
PMT00572,O00572,2023-12-27,1616.26,Net Banking,Failed,cd2714ee-87d8-42c0-a656-18b54763e4c9
PMT00573,O00573,2024-06-08,1034.59,Credit Card,Pending,9cda18c5-97ed-4ddc-9440-848916291a66
PMT00574,O00574,2024-08-05,1642.54,PayPal,Success,a9eec42c-67ca-4945-9a42-3ddec716b346
PMT00575,O00575,2024-12-14,935.1,Credit Card,Success,abf91058-54e3-40bf-a26a-0b8ee69fbc63
PMT00576,O00576,2024-10-05,1027.08,UPI,Failed,2be1d2f2-1fdd-4293-af75-3032d449dd15
PMT00577,O00577,2025-03-13,1559.64,UPI,Failed,ec00391d-00aa-45f1-b1a9-7a2fe0816488
PMT00578,O00578,2024-06-02,190.3,PayPal,Success,f8bd3f6f-68cc-4686-a471-62b4e3e17244
PMT00579,O00579,2024-12-30,1240.46,Net Banking,Failed,bb3c7fd3-619b-464e-bb69-b0076e6085e0
PMT00580,O00580,2024-05-13,1978.72,Credit Card,Pending,d785f365-529f-4bbe-816a-dad316c4176c
PMT00581,O00581,2024-03-31,271.12,Credit Card,Success,c1d1e144-55e1-4a46-a9b1-c0709efd83bd
PMT00582,O00582,2024-04-11,1924.49,Net Banking,Pending,0594d1ec-d7b1-48c9-a0da-dceab2190c30
PMT00583,O00583,2023-08-09,1080.03,PayPal,Pending,b1a54796-4a69-441a-b669-890b00ae8c38
PMT00584,O00584,2024-08-23,911.85,Credit Card,Failed,e32033cf-26f4-4f81-a207-06c1b860d7fa
PMT00585,O00585,2025-07-20,908.13,Credit Card,Failed,da8f3502-3d1b-4ada-9115-7ab266637bc5
PMT00586,O00586,2025-04-18,974.82,Credit Card,Pending,efe7ef30-7211-43cf-9928-51dadc13835b
PMT00587,O00587,2024-06-14,1118.22,UPI,Pending,d90c74f9-1557-4276-a5e7-a6b489228358
PMT00588,O00588,2024-09-19,1415.14,Cash on Delivery,Failed,f55a4ef6-d59a-41fa-9ab0-3a6300151c54
PMT00589,O00589,2025-07-23,1998.64,Net Banking,Success,25657d43-7cda-4bf7-8534-1ce84cb9c5e1
PMT00590,O00590,2025-04-16,1639.77,Cash on Delivery,Failed,8392a39c-40ee-427b-b2e4-8aebd57f5c97
PMT00591,O00591,2025-02-28,153.19,Cash on Delivery,Success,3821ddee-fb9f-468c-a4bb-453c94445426
PMT00592,O00592,2024-05-13,452.79,Net Banking,Success,2a13e742-aa2f-4317-bb56-d7ed9c7d3bad
PMT00593,O00593,2023-09-25,1100.88,Net Banking,Pending,c378589b-a81d-4994-b8c8-49c5b9d8ab76
PMT00594,O00594,2023-10-03,1440.86,Credit Card,Pending,6d713e40-c869-4347-ac22-2d00d4b82cb5
PMT00595,O00595,2024-09-01,1495.78,Cash on Delivery,Pending,39b59695-4294-4257-b295-a1fe99a6be03
PMT00596,O00596,2025-06-06,795.66,Cash on Delivery,Pending,9e4229cf-8562-40e6-a027-8ba7af3ba957
PMT00597,O00597,2025-08-02,1318.12,Cash on Delivery,Pending,90f62bba-4fc9-4d52-8381-748b81e5fe77
PMT00598,O00598,2025-06-03,448.54,Credit Card,Pending,70b295f2-db79-4662-91cd-3feaa97c86d7
PMT00599,O00599,2025-06-07,210.04,PayPal,Success,09e9386f-0738-45b7-8a0f-455b6f2c85b5
PMT00600,O00600,2024-07-12,1428.35,Credit Card,Success,f7423923-41e9-4a79-bcaf-697e0023465d
