product_id,product_name,category,brand,price,stock,rating,warranty_years
P0001,Organization,Electronics,Buckley-Lopez,456.03,134,2.5,1
P0002,According,Fashion,"Friedman, Smith and Walls",734.07,120,4.9,0
P0003,Live,Home,Johnson-Lawson,764.92,28,3.0,3
P0004,Bad,Books,Baker LLC,810.8,427,1.2,0
P0005,During,Fashion,Garcia and Sons,556.83,67,3.6,2
P0006,Surface,Electronics,Lopez-Holloway,773.01,428,4.4,3
P0007,Card,Fashion,Miles-Henderson,872.04,168,4.5,2
P0008,Today,Fashion,Vaughn-Meyer,628.13,159,4.9,3
P0009,Leave,Home,Wade LLC,212.68,72,1.3,2
P0010,Accept,Fashion,Bishop-Ball,764.56,372,2.2,0
P0011,Responsibility,Toys,Nguyen PLC,229.86,466,2.6,1
P0012,Total,Fashion,Key-James,685.73,290,1.8,2
P0013,Since,Fashion,Jackson LLC,431.94,334,2.3,3
P0014,Off,Electronics,"Smith, Martin and Morrison",892.4,33,1.3,2
P0015,Provide,Electronics,Lyons LLC,223.0,424,1.9,0
P0016,Position,Electronics,Gray Ltd,269.36,353,4.8,2
P0017,Cultural,Fashion,"Armstrong, Everett and Torres",721.16,401,2.9,1
P0018,Another,Books,Sanders-Gomez,676.07,439,2.1,0
P0019,Happy,Toys,Kaufman-Gray,88.71,269,1.7,3
P0020,Out,Fashion,"Robinson, Hill and Johnson",81.51,271,1.1,2
P0021,Through,Toys,"Phillips, Anderson and Moore",506.75,289,1.4,1
P0022,Step,Electronics,Lewis and Sons,82.97,42,2.7,2
P0023,Science,Toys,"Beck, Williams and Taylor",612.23,132,4.2,0
P0024,A,Home,Wilson Group,559.85,372,2.3,0
P0025,Real,Books,Little LLC,774.73,213,4.5,1
P0026,Hospital,Electronics,Short-Jacobson,219.7,435,2.7,0
P0027,Perform,Fashion,Suarez and Sons,216.96,72,1.2,1
P0028,Hair,Toys,"James, Thompson and Welch",523.38,89,1.6,1
P0029,Enough,Toys,Wade PLC,869.11,171,4.9,3
P0030,Live,Toys,"Russell, Grimes and Henry",939.99,496,1.7,2
P0031,Our,Toys,Forbes Ltd,710.47,235,3.4,1
P0032,Beyond,Toys,Lopez-Rice,129.73,72,2.6,0
P0033,Series,Toys,"Rangel, Lee and Shah",704.0,272,1.5,0
P0034,Education,Toys,Riggs-Sanchez,467.95,246,2.6,2
P0035,Brother,Fashion,"Warner, Phillips and Stein",278.42,99,4.3,1
P0036,Whatever,Toys,Harris Group,52.76,353,4.3,1
P0037,Life,Toys,"Morales, Lyons and Hoover",805.49,327,1.2,0
P0038,Between,Books,Miller and Sons,378.61,370,2.6,1
P0039,Thing,Fashion,Stephens-Martinez,977.28,1,4.3,3
P0040,Better,Electronics,"Swanson, Cooley and Washington",631.58,35,1.8,0
P0041,Room,Toys,"Bonilla, Richards and Harrison",615.92,260,4.9,2
P0042,Similar,Home,Williamson-Perez,545.87,305,1.8,2
P0043,Recent,Toys,"Perkins, Wiley and Johnson",778.74,443,2.9,0
P0044,Himself,Home,Savage-Wolf,575.48,310,1.5,0
P0045,Race,Fashion,"Horn, Vasquez and Barnett",960.56,376,2.0,1
P0046,Pattern,Fashion,Walton-Moody,358.81,68,4.2,3
P0047,Build,Toys,Williams-Crosby,545.37,450,4.1,2
P0048,Already,Home,"Mclaughlin, Smith and Mooney",866.72,163,1.9,2
P0049,Scene,Home,"Gordon, Wilson and Wilson",75.6,325,2.8,1
P0050,Would,Fashion,Hernandez-Rogers,856.41,493,3.8,1
P0051,Energy,Electronics,Leblanc LLC,346.64,89,3.7,2
P0052,Real,Fashion,Gibbs Group,23.01,195,1.0,1
P0053,Town,Books,Smith Ltd,989.75,237,1.9,0
P0054,Vote,Fashion,"Montes, Norris and Davis",505.9,39,3.2,0
P0055,Hold,Fashion,Wilson PLC,438.67,110,2.8,3
P0056,Key,Books,"Norton, Dickson and Snow",236.36,134,1.4,0
P0057,Official,Home,"Gillespie, Williamson and Simmons",87.42,280,1.8,2
P0058,Argue,Fashion,Bird LLC,90.22,362,4.9,0
P0059,Air,Electronics,Rasmussen Inc,405.74,460,1.5,2
P0060,Operation,Home,"Smith, Bautista and Baker",40.06,199,3.5,0
P0061,Beyond,Fashion,"Cooley, Robinson and Hernandez",312.1,343,3.1,0
P0062,Hair,Fashion,"Stephenson, Grant and Miller",996.27,110,1.1,0
P0063,Kitchen,Toys,Schultz Ltd,400.41,476,3.1,1
P0064,Boy,Fashion,Vance and Sons,60.02,306,4.8,3
P0065,Bit,Toys,"Jones, Richardson and Sparks",924.41,28,2.7,3
P0066,Peace,Toys,Castro Ltd,591.45,41,3.0,2
P0067,Gas,Electronics,Flores Inc,294.11,337,2.4,2
P0068,Always,Toys,Noble-Stark,436.65,364,1.9,3
P0069,Set,Home,Edwards-Chambers,736.41,29,3.3,3
P0070,Marriage,Electronics,Marks Group,886.51,323,3.8,3
P0071,Simple,Toys,Allen-Sexton,98.62,438,4.2,3
P0072,Group,Electronics,Daniel-Grimes,428.49,50,4.0,0
P0073,Hot,Toys,Dixon Ltd,831.87,56,2.0,0
P0074,Figure,Books,Morse-Rodgers,706.09,86,2.8,0
P0075,Control,Home,Murray Group,199.01,130,4.0,1
P0076,Year,Toys,"Miller, Smith and Brown",69.46,340,1.3,3
P0077,Their,Toys,"Grimes, Hall and Clay",768.52,422,1.8,1
P0078,Sea,Toys,Wade-Romero,468.01,388,2.8,1
P0079,Management,Electronics,Taylor-Mitchell,247.59,327,4.5,1
P0080,Find,Books,Burnett LLC,34.24,312,2.1,0
P0081,Recently,Electronics,"Smith, Huber and Edwards",115.85,257,4.2,0
P0082,Early,Fashion,"Fields, Hensley and Strickland",330.54,17,4.9,2
P0083,Have,Fashion,Randall Group,194.15,112,3.6,3
P0084,Card,Electronics,Lucero-Weber,734.77,165,2.6,0
P0085,Court,Fashion,Moore-Diaz,761.42,191,3.0,0
P0086,Never,Electronics,Brown Group,821.35,213,4.9,3
P0087,Project,Books,Garcia Inc,941.4,117,1.1,1
P0088,Wife,Fashion,Holt-Kelly,668.88,26,3.5,0
P0089,Every,Electronics,Jones-Carter,74.68,468,4.4,2
P0090,A,Books,"Cook, Collins and Williams",371.75,65,4.6,1
P0091,Five,Electronics,"Townsend, Walker and Johns",816.6,429,3.4,0
P0092,Investment,Home,"Dominguez, King and Hansen",417.75,324,1.8,3
P0093,Event,Toys,Ross Ltd,895.41,44,2.6,2
P0094,Administration,Electronics,Harmon PLC,278.91,176,1.8,0
P0095,Young,Fashion,Marshall-Diaz,871.45,241,3.1,3
P0096,Large,Fashion,Montes Inc,829.81,266,1.2,2
P0097,Federal,Books,Fox-Cole,141.69,217,2.9,3
P0098,He,Home,Stewart PLC,864.65,350,1.8,0
P0099,Current,Home,"Porter, Freeman and Martin",453.55,101,1.0,0
P0100,Situation,Toys,Carter Inc,264.71,351,1.9,2
P0101,New,Toys,Cox-Ramirez,287.24,59,3.8,1
P0102,Player,Home,Pierce PLC,817.27,406,1.2,2
P0103,Benefit,Books,Lee-Evans,385.04,86,3.3,3
P0104,Before,Toys,"Green, Martinez and Flores",711.24,150,1.1,0
P0105,Set,Toys,Dennis-Robertson,191.87,380,4.9,0
P0106,Just,Toys,"Norton, Murray and Gonzalez",373.69,411,2.5,1
P0107,Example,Home,"Powell, Walker and Cook",456.36,474,2.2,1
P0108,Computer,Electronics,"Wallace, Cox and Leblanc",561.48,236,4.8,3
P0109,Sea,Home,Banks-Mejia,272.59,486,4.7,1
P0110,Yet,Home,Maddox LLC,292.67,137,4.1,0
P0111,Me,Toys,"Yang, Gilbert and Ray",651.41,366,3.4,0
P0112,Above,Toys,Lewis PLC,224.15,71,4.4,2
P0113,Suffer,Books,Cunningham LLC,14.21,459,4.8,2
P0114,Say,Home,West Group,566.91,124,1.3,1
P0115,Around,Electronics,Robbins Inc,541.48,39,1.1,2
P0116,Loss,Home,Turner-Gill,873.9,17,1.7,0
P0117,Administration,Toys,Miranda Ltd,893.22,306,3.7,3
P0118,Court,Books,"Morrow, Hayes and Gilbert",865.75,455,4.7,1
P0119,Score,Toys,Andrade-Roberts,633.77,165,2.0,1
P0120,Size,Home,Brown-Myers,732.44,373,3.0,1
P0121,Worry,Toys,Shields-Ferguson,34.86,150,4.6,3
P0122,North,Home,Moore Inc,134.27,150,1.5,2
P0123,Service,Electronics,Krause-Miller,512.19,29,2.0,3
P0124,Can,Home,"Meyer, Williams and Kidd",730.59,27,3.1,0
P0125,Easy,Fashion,Kelly-Owens,808.08,31,2.2,2
P0126,Far,Fashion,"Stone, Morgan and Miller",783.97,422,3.7,1
P0127,Under,Home,"Coleman, Dunn and Gutierrez",967.25,466,2.5,3
P0128,Happen,Books,Nielsen PLC,86.64,186,4.0,2
P0129,Whole,Books,Boone-Fuller,607.92,489,2.3,0
P0130,Himself,Fashion,"Jimenez, Ellis and Cross",574.84,390,1.9,1
P0131,Wind,Fashion,Simon-Wood,555.92,465,4.5,0
P0132,Myself,Electronics,"Wright, Lopez and Zimmerman",252.47,442,3.6,2
P0133,Hard,Fashion,Grant Group,487.73,478,1.6,0
P0134,Board,Fashion,Mcdaniel-Stein,361.0,281,3.3,2
P0135,Relate,Home,Goodman LLC,936.09,243,4.5,3
P0136,Different,Electronics,"Riddle, Martin and Lewis",68.42,231,1.1,3
P0137,Most,Electronics,Williams-Cruz,595.59,299,2.2,1
P0138,About,Toys,Maynard-Reed,233.88,422,4.4,2
P0139,Many,Toys,Duncan Group,642.66,127,4.2,3
P0140,Most,Fashion,Mcdonald Group,214.91,103,4.9,1
P0141,Talk,Books,Andrews-Pratt,738.96,1,1.9,2
P0142,Policy,Books,"Hernandez, Adams and Hill",740.29,377,2.6,2
P0143,Expect,Electronics,"Dixon, Cruz and Alvarado",607.05,493,4.1,3
P0144,Week,Toys,Johnson-Gomez,10.07,483,4.4,3
P0145,Manage,Toys,Johnson Group,838.47,181,2.5,2
P0146,Network,Home,Williams Ltd,821.16,305,1.9,1
P0147,Benefit,Electronics,"Lewis, Perry and Mcfarland",883.7,465,2.0,3
P0148,Itself,Fashion,Henry Inc,472.68,174,4.8,3
P0149,Themselves,Fashion,Garcia Inc,984.4,433,3.2,2
P0150,Difficult,Home,Holder-Jackson,340.9,141,2.7,3
P0151,Six,Electronics,"Chambers, Meyer and Rose",170.14,0,1.1,2
P0152,Behavior,Home,"Lindsey, Beck and Davidson",939.24,310,4.9,3
P0153,Threat,Fashion,Davis and Sons,254.78,224,1.6,2
P0154,Trade,Toys,"Fletcher, Willis and Rivers",508.95,176,1.8,1
P0155,End,Toys,"Williams, Blackburn and Anderson",907.04,258,2.7,0
P0156,Century,Fashion,Ross-Crane,791.94,367,3.4,2
P0157,Force,Home,Gillespie-Murray,945.82,476,3.4,0
P0158,Sometimes,Fashion,"Salas, Reynolds and Mosley",497.63,272,4.7,3
P0159,Seven,Toys,Bowen Ltd,845.55,443,1.0,3
P0160,Society,Books,"Anthony, Brown and Kelly",147.38,182,1.4,3
P0161,Because,Electronics,"Daniels, Murray and Fleming",338.23,461,2.4,1
P0162,Wait,Home,Nash-Mendez,50.51,67,2.6,2
P0163,Artist,Fashion,Valenzuela Inc,719.58,406,1.2,2
P0164,Course,Toys,"Smith, Richard and Wolf",970.99,498,4.9,0
P0165,While,Books,Hess PLC,709.68,122,4.5,3
P0166,Hot,Fashion,Diaz-Vaughn,662.65,443,2.7,1
P0167,Current,Toys,"Taylor, Weaver and Brown",354.29,168,3.4,1
P0168,Man,Home,Willis-Simmons,179.01,439,1.2,3
P0169,Fight,Fashion,Hernandez-Jackson,148.31,20,4.3,3
P0170,Better,Home,Brennan Group,174.01,25,4.7,1
P0171,Party,Toys,Garcia and Sons,870.85,208,3.6,2
P0172,Vote,Fashion,Miller-Mosley,500.45,415,2.6,1
P0173,Fund,Home,"Booth, Cruz and Aguirre",87.96,487,2.9,2
P0174,Wide,Home,Stone-Perez,253.3,461,2.3,3
P0175,Worry,Fashion,"Oliver, Hardy and Phillips",725.75,483,3.8,1
P0176,Describe,Toys,Hensley-Reid,21.78,377,1.5,0
P0177,Decade,Electronics,Singleton LLC,815.12,204,4.1,2
P0178,Look,Toys,Bradley-Underwood,427.13,398,4.5,1
P0179,Benefit,Books,"Ford, Moss and Snyder",968.79,475,2.4,0
P0180,Care,Fashion,Williams-Ferrell,207.09,120,2.7,2
P0181,Method,Home,Brown-Moran,187.26,167,3.2,1
P0182,Write,Home,Harvey Ltd,907.77,307,3.4,2
P0183,Which,Home,Smith-Green,490.95,172,4.7,0
P0184,Understand,Toys,Harmon Inc,598.17,287,1.4,3
P0185,Lead,Books,"Gonzalez, Baker and Mcintyre",240.96,163,3.8,1
P0186,Relationship,Home,"Brown, Morris and Hayden",72.72,355,4.2,0
P0187,Suffer,Toys,Brooks-Young,181.45,244,3.9,1
P0188,Nice,Toys,"Juarez, Olsen and Hughes",746.93,468,1.8,3
P0189,Meet,Fashion,"Stokes, Thomas and Boyd",122.47,358,4.2,1
P0190,Six,Electronics,Walters-Williams,512.06,172,3.3,3
P0191,Interview,Toys,Cox-Werner,879.6,287,1.4,0
P0192,Fact,Books,Wilkinson-Everett,598.01,34,3.5,1
P0193,Husband,Electronics,"Ayala, Elliott and Baker",584.31,427,4.5,0
P0194,Ok,Electronics,Dean LLC,430.01,205,2.1,3
P0195,Happy,Electronics,"West, Walker and Lyons",216.05,267,2.4,2
P0196,Perform,Home,Wright Ltd,975.78,196,2.1,3
P0197,Establish,Home,"Haynes, Torres and Johnson",78.15,14,1.4,1
P0198,Accept,Home,"Campbell, Campbell and Jacobs",44.77,15,1.8,1
P0199,Describe,Fashion,"Thompson, Martinez and Yang",155.02,443,2.2,2
P0200,Card,Toys,Stephens Group,25.41,197,3.3,1
